freq_invcm,wavlen_um,path_thermal_cm,path_thermal_mum,surface_emission_cm,surface_emission_umu,surface_reflected_cm,surface_reflected_mum,total_radiance_cm,total_radiance_mum,integral_cm,total_trans
2.0,4999.998,3.86e-10,1.54e-13,8.27e-10,3.31e-13,0.0,0.0,1.21e-09,4.85e-13,1.21e-09,0.59296
4.0,2500.0,3.95e-10,6.32e-13,3.7e-09,5.92e-12,0.0,0.0,4.1e-09,6.56e-12,9.41e-09,0.78837
6.0,1666.666,1.35e-10,4.85e-13,8.78e-09,3.16e-11,0.0,0.0,8.92e-09,3.21e-11,2.72e-08,0.96923
8.0,1250.0,7.86e-11,5.03e-13,1.55e-08,9.91e-11,0.0,0.0,1.56e-08,9.96e-11,5.84e-08,0.99407
10.0,1000.0,3.45e-10,3.45e-12,2.36e-08,2.36e-10,0.0,0.0,2.4e-08,2.4e-10,1.06e-07,0.98685
12.0,833.333,2.27e-09,3.27e-11,3.16e-08,4.55e-10,0.0,0.0,3.39e-08,4.88e-10,1.74e-07,0.93339
14.0,714.286,5.82e-09,1.14e-10,3.95e-08,7.74e-10,0.0,0.0,4.53e-08,8.88e-10,2.65e-07,0.85602
16.0,625.0,5.33e-09,1.37e-10,5.39e-08,1.38e-09,0.0,0.0,5.92e-08,1.52e-09,3.83e-07,0.8873
18.0,555.555,1.54e-09,5e-11,7.39e-08,2.39e-09,0.0,0.0,7.54e-08,2.44e-09,5.34e-07,0.97139
20.0,500.0,2.89e-10,1.16e-11,9.26e-08,3.7e-09,0.0,0.0,9.29e-08,3.72e-09,7.2e-07,0.99644
22.0,454.545,2.55e-09,1.23e-10,1.09e-07,5.27e-09,0.0,0.0,1.11e-07,5.39e-09,9.43e-07,0.97679
24.0,416.667,1.32e-08,7.63e-10,1.17e-07,6.73e-09,0.0,0.0,1.3e-07,7.49e-09,1.2e-06,0.88941
26.0,384.615,2.4e-08,1.62e-09,1.26e-07,8.52e-09,0.0,0.0,1.5e-07,1.01e-08,1.5e-06,0.81622
28.0,357.143,1.8e-08,1.41e-09,1.57e-07,1.23e-08,0.0,0.0,1.75e-07,1.37e-08,1.85e-06,0.87426
30.0,333.333,4.71e-09,4.24e-10,1.98e-07,1.78e-08,0.0,0.0,2.03e-07,1.83e-08,2.26e-06,0.96953
32.0,312.5,8.41e-10,8.61e-11,2.3e-07,2.35e-08,0.0,0.0,2.3e-07,2.36e-08,2.72e-06,0.99586
34.0,294.118,1.13e-08,1.31e-09,2.46e-07,2.84e-08,0.0,0.0,2.57e-07,2.97e-08,3.23e-06,0.95105
36.0,277.778,3.61e-08,4.68e-09,2.46e-07,3.19e-08,0.0,0.0,2.82e-07,3.66e-08,3.8e-06,0.8546
38.0,263.158,4.42e-08,6.38e-09,2.68e-07,3.87e-08,0.0,0.0,3.12e-07,4.51e-08,4.42e-06,0.83499
40.0,250.0,2e-08,3.21e-09,3.3e-07,5.27e-08,0.0,0.0,3.5e-07,5.59e-08,5.12e-06,0.93051
42.0,238.095,2.29e-09,4.04e-10,3.85e-07,6.79e-08,0.0,0.0,3.87e-07,6.83e-08,5.9e-06,0.99312
44.0,227.273,2.18e-09,4.23e-10,4.2e-07,8.14e-08,0.0,0.0,4.23e-07,8.18e-08,6.74e-06,0.99437
46.0,217.391,2.42e-08,5.13e-09,4.32e-07,9.13e-08,0.0,0.0,4.56e-07,9.65e-08,7.65e-06,0.94067
48.0,208.333,6.65e-08,1.53e-08,4.2e-07,9.67e-08,0.0,0.0,4.86e-07,1.12e-07,8.62e-06,0.84363
50.0,200.0,6.94e-08,1.73e-08,4.55e-07,1.14e-07,0.0,0.0,5.25e-07,1.31e-07,9.67e-06,0.84461
52.0,192.308,2.82e-08,7.62e-09,5.46e-07,1.48e-07,0.0,0.0,5.74e-07,1.55e-07,1.08e-05,0.9403
54.0,185.185,2.42e-09,7.05e-10,6.18e-07,1.8e-07,0.0,0.0,6.21e-07,1.81e-07,1.21e-05,0.99553
56.0,178.571,1.47e-08,4.62e-09,6.47e-07,2.03e-07,0.0,0.0,6.62e-07,2.08e-07,1.34e-05,0.9752
58.0,172.414,6.8e-08,2.29e-08,6.28e-07,2.11e-07,0.0,0.0,6.96e-07,2.34e-07,1.48e-05,0.88852
60.0,166.667,1.19e-07,4.28e-08,6.13e-07,2.21e-07,0.0,0.0,7.32e-07,2.64e-07,1.62e-05,0.81251
62.0,161.29,8.76e-08,3.37e-08,6.99e-07,2.69e-07,0.0,0.0,7.86e-07,3.02e-07,1.78e-05,0.86779
64.0,156.25,2.2e-08,9.02e-09,8.25e-07,3.38e-07,0.0,0.0,8.47e-07,3.47e-07,1.95e-05,0.96807
66.0,151.515,2.64e-09,1.15e-09,8.97e-07,3.91e-07,0.0,0.0,9e-07,3.92e-07,2.13e-05,0.9967
68.0,147.059,2.19e-08,1.01e-08,9.25e-07,4.28e-07,0.0,0.0,9.47e-07,4.38e-07,2.32e-05,0.97403
70.0,142.857,9.62e-08,4.72e-08,8.88e-07,4.35e-07,0.0,0.0,9.84e-07,4.82e-07,2.52e-05,0.88815
72.0,138.889,1.5e-07,7.78e-08,8.76e-07,4.54e-07,0.0,0.0,1.03e-06,5.32e-07,2.72e-05,0.83005
74.0,135.135,9.81e-08,5.37e-08,9.92e-07,5.43e-07,0.0,0.0,1.09e-06,5.97e-07,2.94e-05,0.89247
76.0,131.579,2.22e-08,1.28e-08,1.14e-06,6.57e-07,0.0,0.0,1.16e-06,6.7e-07,3.17e-05,0.9764
78.0,128.205,2.97e-09,1.81e-09,1.22e-06,7.4e-07,0.0,0.0,1.22e-06,7.42e-07,3.42e-05,0.99728
80.0,125.0,4.27e-08,2.73e-08,1.23e-06,7.85e-07,0.0,0.0,1.27e-06,8.12e-07,3.67e-05,0.96121
82.0,121.951,1.26e-07,8.48e-08,1.18e-06,7.96e-07,0.0,0.0,1.31e-06,8.81e-07,3.93e-05,0.88828
84.0,119.048,1.38e-07,9.77e-08,1.23e-06,8.67e-07,0.0,0.0,1.37e-06,9.65e-07,4.21e-05,0.88138
86.0,116.279,5.41e-08,4e-08,1.39e-06,1.03e-06,0.0,0.0,1.44e-06,1.07e-06,4.49e-05,0.95535
88.0,113.636,4.1e-09,3.17e-09,1.51e-06,1.17e-06,0.0,0.0,1.51e-06,1.17e-06,4.8e-05,0.99694
90.0,111.111,3.75e-09,3.04e-09,1.57e-06,1.27e-06,0.0,0.0,1.57e-06,1.27e-06,5.11e-05,0.99735
92.0,108.696,4.5e-08,3.81e-08,1.58e-06,1.34e-06,0.0,0.0,1.63e-06,1.38e-06,5.44e-05,0.96837
94.0,106.383,1.31e-07,1.16e-07,1.54e-06,1.36e-06,0.0,0.0,1.68e-06,1.48e-06,5.77e-05,0.90908
96.0,104.167,1.33e-07,1.23e-07,1.61e-06,1.48e-06,0.0,0.0,1.74e-06,1.6e-06,6.12e-05,0.90954
98.0,102.041,4.72e-08,4.53e-08,1.77e-06,1.7e-06,0.0,0.0,1.82e-06,1.75e-06,6.48e-05,0.9689
100.0,100.0,2.38e-09,2.38e-09,1.89e-06,1.89e-06,0.0,0.0,1.89e-06,1.89e-06,6.86e-05,0.99859
102.0,98.039,1.96e-08,2.04e-08,1.94e-06,2.02e-06,0.0,0.0,1.96e-06,2.04e-06,7.25e-05,0.98857
104.0,96.154,9.64e-08,1.04e-07,1.91e-06,2.07e-06,0.0,0.0,2.01e-06,2.17e-06,7.66e-05,0.94452
106.0,94.34,1.7e-07,1.9e-07,1.89e-06,2.13e-06,0.0,0.0,2.06e-06,2.32e-06,8.07e-05,0.90414
108.0,92.593,1.12e-07,1.3e-07,2.03e-06,2.37e-06,0.0,0.0,2.14e-06,2.5e-06,8.5e-05,0.93834
110.0,90.909,2.43e-08,2.93e-08,2.2e-06,2.67e-06,0.0,0.0,2.23e-06,2.7e-06,8.94e-05,0.9869
112.0,89.286,1.7e-09,2.14e-09,2.3e-06,2.89e-06,0.0,0.0,2.3e-06,2.89e-06,9.4e-05,0.99917
114.0,87.719,1.69e-08,2.2e-08,2.35e-06,3.06e-06,0.0,0.0,2.37e-06,3.08e-06,9.88e-05,0.99193
116.0,86.207,8.71e-08,1.17e-07,2.34e-06,3.15e-06,0.0,0.0,2.43e-06,3.27e-06,0.000104,0.95874
118.0,84.746,1.5e-07,2.09e-07,2.34e-06,3.26e-06,0.0,0.0,2.49e-06,3.47e-06,0.000109,0.92957
120.0,83.333,9.38e-08,1.35e-07,2.48e-06,3.57e-06,0.0,0.0,2.57e-06,3.7e-06,0.000114,0.95684
122.0,81.967,1.95e-08,2.9e-08,2.64e-06,3.93e-06,0.0,0.0,2.66e-06,3.96e-06,0.000119,0.99121
124.0,80.645,1.14e-09,1.76e-09,2.73e-06,4.2e-06,0.0,0.0,2.74e-06,4.21e-06,0.000125,0.99954
126.0,79.365,2.38e-08,3.79e-08,2.78e-06,4.42e-06,0.0,0.0,2.81e-06,4.45e-06,0.00013,0.99029
128.0,78.125,8.95e-08,1.47e-07,2.78e-06,4.55e-06,0.0,0.0,2.87e-06,4.7e-06,0.000136,0.96393
130.0,76.923,9.61e-08,1.62e-07,2.85e-06,4.81e-06,0.0,0.0,2.94e-06,4.97e-06,0.000142,0.9619
132.0,75.758,3.03e-08,5.29e-08,3e-06,5.23e-06,0.0,0.0,3.03e-06,5.28e-06,0.000148,0.9883
134.0,74.627,1.26e-09,2.25e-09,3.11e-06,5.58e-06,0.0,0.0,3.11e-06,5.59e-06,0.000154,0.99955
136.0,73.529,8.52e-10,1.58e-09,3.19e-06,5.89e-06,0.0,0.0,3.19e-06,5.9e-06,0.00016,0.99971
138.0,72.464,1.77e-08,3.37e-08,3.24e-06,6.18e-06,0.0,0.0,3.26e-06,6.21e-06,0.000167,0.99387
140.0,71.429,7.54e-08,1.48e-07,3.25e-06,6.38e-06,0.0,0.0,3.33e-06,6.53e-06,0.000174,0.97411
142.0,70.423,7.65e-08,1.54e-07,3.33e-06,6.72e-06,0.0,0.0,3.41e-06,6.87e-06,0.00018,0.97391
144.0,69.444,1.02e-08,2.11e-08,3.49e-06,7.23e-06,0.0,0.0,3.5e-06,7.25e-06,0.000187,0.9966
146.0,68.493,4.12e-10,8.78e-10,3.58e-06,7.62e-06,0.0,0.0,3.58e-06,7.62e-06,0.000195,0.99987
148.0,67.568,5.26e-09,1.15e-08,3.65e-06,7.99e-06,0.0,0.0,3.65e-06,8.01e-06,0.000202,0.9984
150.0,66.667,3.14e-08,7.06e-08,3.7e-06,8.32e-06,0.0,0.0,3.73e-06,8.39e-06,0.000209,0.9905
152.0,65.789,6.15e-08,1.42e-07,3.74e-06,8.65e-06,0.0,0.0,3.81e-06,8.79e-06,0.000217,0.98152
154.0,64.935,3.47e-08,8.23e-08,3.86e-06,9.14e-06,0.0,0.0,3.89e-06,9.22e-06,0.000225,0.98972
156.0,64.103,5.85e-09,1.42e-08,3.97e-06,9.66e-06,0.0,0.0,3.97e-06,9.67e-06,0.000233,0.99829
158.0,63.291,2.18e-10,5.44e-10,4.06e-06,1.01e-05,0.0,0.0,4.06e-06,1.01e-05,0.000241,0.99994
160.0,62.5,5.51e-09,1.41e-08,4.13e-06,1.06e-05,0.0,0.0,4.14e-06,1.06e-05,0.000249,0.99851
162.0,61.728,2.6e-08,6.81e-08,4.19e-06,1.1e-05,0.0,0.0,4.21e-06,1.11e-05,0.000258,0.99307
164.0,60.976,2.72e-08,7.32e-08,4.27e-06,1.15e-05,0.0,0.0,4.3e-06,1.16e-05,0.000266,0.9928
166.0,60.241,6.7e-09,1.85e-08,4.37e-06,1.21e-05,0.0,0.0,4.38e-06,1.21e-05,0.000275,0.99826
168.0,59.524,2.05e-10,5.79e-10,4.46e-06,1.26e-05,0.0,0.0,4.46e-06,1.26e-05,0.000284,0.99995
170.0,58.824,1.5e-10,4.34e-10,4.54e-06,1.31e-05,0.0,0.0,4.54e-06,1.31e-05,0.000293,0.99996
172.0,58.14,2.97e-09,8.79e-09,4.62e-06,1.37e-05,0.0,0.0,4.63e-06,1.37e-05,0.000302,0.99929
174.0,57.471,1.4e-08,4.23e-08,4.69e-06,1.42e-05,0.0,0.0,4.71e-06,1.43e-05,0.000312,0.99669
176.0,56.818,1.42e-08,4.4e-08,4.78e-06,1.48e-05,0.0,0.0,4.79e-06,1.48e-05,0.000321,0.99666
178.0,56.18,3.19e-09,1.01e-08,4.87e-06,1.54e-05,0.0,0.0,4.87e-06,1.54e-05,0.000331,0.99926
180.0,55.556,7.05e-11,2.28e-10,4.96e-06,1.61e-05,0.0,0.0,4.96e-06,1.61e-05,0.000341,0.99998
182.0,54.945,6.98e-10,2.31e-09,5.04e-06,1.67e-05,0.0,0.0,5.04e-06,1.67e-05,0.000351,0.99985
184.0,54.348,4.53e-09,1.53e-08,5.12e-06,1.73e-05,0.0,0.0,5.12e-06,1.73e-05,0.000361,0.99903
186.0,53.763,9.3e-09,3.22e-08,5.2e-06,1.8e-05,0.0,0.0,5.21e-06,1.8e-05,0.000372,0.99801
188.0,53.191,4.91e-09,1.74e-08,5.29e-06,1.87e-05,0.0,0.0,5.29e-06,1.87e-05,0.000382,0.99896
190.0,52.632,7.49e-10,2.7e-09,5.37e-06,1.94e-05,0.0,0.0,5.37e-06,1.94e-05,0.000393,0.99984
192.0,52.083,3.15e-11,1.16e-10,5.46e-06,2.01e-05,0.0,0.0,5.46e-06,2.01e-05,0.000404,0.99999
194.0,51.546,6.02e-10,2.27e-09,5.54e-06,2.09e-05,0.0,0.0,5.54e-06,2.09e-05,0.000415,0.99988
196.0,51.02,2.93e-09,1.13e-08,5.62e-06,2.16e-05,0.0,0.0,5.62e-06,2.16e-05,0.000426,0.99943
198.0,50.505,3.05e-09,1.2e-08,5.7e-06,2.24e-05,0.0,0.0,5.71e-06,2.24e-05,0.000438,0.99941
200.0,50.0,7.12e-10,2.85e-09,5.79e-06,2.32e-05,0.0,0.0,5.79e-06,2.32e-05,0.000449,0.99986
202.0,49.505,2.59e-11,1.06e-10,5.88e-06,2.4e-05,0.0,0.0,5.88e-06,2.4e-05,0.000461,1.0
204.0,49.02,1.29e-10,5.37e-10,5.96e-06,2.48e-05,0.0,0.0,5.96e-06,2.48e-05,0.000473,0.99998
206.0,48.544,3.76e-10,1.6e-09,6.04e-06,2.56e-05,0.0,0.0,6.04e-06,2.56e-05,0.000485,0.99993
208.0,48.077,1.29e-09,5.58e-09,6.13e-06,2.65e-05,0.0,0.0,6.13e-06,2.65e-05,0.000497,0.99977
210.0,47.619,1.41e-09,6.24e-09,6.21e-06,2.74e-05,0.0,0.0,6.21e-06,2.74e-05,0.00051,0.99975
212.0,47.17,1.5e-10,6.75e-10,6.29e-06,2.83e-05,0.0,0.0,6.29e-06,2.83e-05,0.000522,0.99997
214.0,46.729,1.01e-11,4.63e-11,6.38e-06,2.92e-05,0.0,0.0,6.38e-06,2.92e-05,0.000535,1.0
216.0,46.296,5.58e-11,2.6e-10,6.46e-06,3.01e-05,0.0,0.0,6.46e-06,3.01e-05,0.000548,0.99999
218.0,45.872,3.45e-10,1.64e-09,6.54e-06,3.11e-05,0.0,0.0,6.54e-06,3.11e-05,0.000561,0.99994
220.0,45.455,7.36e-10,3.56e-09,6.63e-06,3.21e-05,0.0,0.0,6.63e-06,3.21e-05,0.000574,0.99988
222.0,45.045,3.04e-10,1.5e-09,6.71e-06,3.31e-05,0.0,0.0,6.71e-06,3.31e-05,0.000588,0.99995
224.0,44.643,1.03e-11,5.18e-11,6.79e-06,3.41e-05,0.0,0.0,6.79e-06,3.41e-05,0.000601,1.0
226.0,44.248,9.04e-12,4.62e-11,6.88e-06,3.51e-05,0.0,0.0,6.88e-06,3.51e-05,0.000615,1.0
228.0,43.86,4.3e-11,2.24e-10,6.96e-06,3.62e-05,0.0,0.0,6.96e-06,3.62e-05,0.000629,0.99999
230.0,43.478,1.83e-10,9.7e-10,7.04e-06,3.72e-05,0.0,0.0,7.04e-06,3.72e-05,0.000643,0.99997
232.0,43.103,1.91e-10,1.03e-09,7.12e-06,3.83e-05,0.0,0.0,7.12e-06,3.83e-05,0.000657,0.99997
234.0,42.735,4.87e-11,2.66e-10,7.21e-06,3.95e-05,0.0,0.0,7.21e-06,3.95e-05,0.000672,0.99999
236.0,42.373,1.01e-11,5.65e-11,7.29e-06,4.06e-05,0.0,0.0,7.29e-06,4.06e-05,0.000686,1.0
238.0,42.017,1.62e-11,9.19e-11,7.37e-06,4.17e-05,0.0,0.0,7.37e-06,4.17e-05,0.000701,1.0
240.0,41.667,5.18e-11,2.99e-10,7.45e-06,4.29e-05,0.0,0.0,7.45e-06,4.29e-05,0.000716,0.99999
242.0,41.322,9.59e-11,5.61e-10,7.53e-06,4.41e-05,0.0,0.0,7.53e-06,4.41e-05,0.000731,0.99999
244.0,40.984,5.57e-11,3.31e-10,7.61e-06,4.53e-05,0.0,0.0,7.62e-06,4.53e-05,0.000746,0.99999
246.0,40.65,1.86e-11,1.12e-10,7.7e-06,4.66e-05,0.0,0.0,7.7e-06,4.66e-05,0.000761,1.0
248.0,40.323,1.27e-11,7.82e-11,7.78e-06,4.78e-05,0.0,0.0,7.78e-06,4.78e-05,0.000777,1.0
250.0,40.0,1.7e-11,1.06e-10,7.86e-06,4.91e-05,0.0,0.0,7.86e-06,4.91e-05,0.000793,1.0
252.0,39.683,3.33e-11,2.11e-10,7.94e-06,5.04e-05,0.0,0.0,7.94e-06,5.04e-05,0.000809,1.0
254.0,39.37,3.49e-11,2.25e-10,8.02e-06,5.17e-05,0.0,0.0,8.02e-06,5.17e-05,0.000825,1.0
256.0,39.063,1.97e-11,1.29e-10,8.1e-06,5.31e-05,0.0,0.0,8.1e-06,5.31e-05,0.000841,1.0
258.0,38.76,1.6e-11,1.07e-10,8.18e-06,5.44e-05,0.0,0.0,8.18e-06,5.44e-05,0.000857,1.0
260.0,38.462,1.74e-11,1.18e-10,8.26e-06,5.58e-05,0.0,0.0,8.26e-06,5.58e-05,0.000874,1.0
262.0,38.168,2.16e-11,1.48e-10,8.34e-06,5.72e-05,0.0,0.0,8.34e-06,5.72e-05,0.00089,1.0
264.0,37.879,2.68e-11,1.87e-10,8.42e-06,5.87e-05,0.0,0.0,8.42e-06,5.87e-05,0.000907,1.0
266.0,37.594,2.37e-11,1.68e-10,8.49e-06,6.01e-05,0.0,0.0,8.49e-06,6.01e-05,0.000924,1.0
268.0,37.313,2.08e-11,1.49e-10,8.57e-06,6.16e-05,0.0,0.0,8.57e-06,6.16e-05,0.000941,1.0
270.0,37.037,2.12e-11,1.54e-10,8.65e-06,6.31e-05,0.0,0.0,8.65e-06,6.31e-05,0.000959,1.0
272.0,36.765,2.22e-11,1.64e-10,8.73e-06,6.46e-05,0.0,0.0,8.73e-06,6.46e-05,0.000976,1.0
274.0,36.496,2.46e-11,1.85e-10,8.81e-06,6.61e-05,0.0,0.0,8.81e-06,6.61e-05,0.000994,1.0
276.0,36.232,2.57e-11,1.96e-10,8.88e-06,6.77e-05,0.0,0.0,8.88e-06,6.77e-05,0.00101,1.0
278.0,35.971,2.55e-11,1.97e-10,8.96e-06,6.92e-05,0.0,0.0,8.96e-06,6.92e-05,0.00103,1.0
280.0,35.714,2.66e-11,2.09e-10,9.04e-06,7.08e-05,0.0,0.0,9.04e-06,7.08e-05,0.00105,1.0
282.0,35.461,2.79e-11,2.22e-10,9.11e-06,7.25e-05,0.0,0.0,9.11e-06,7.25e-05,0.00107,1.0
284.0,35.211,2.93e-11,2.37e-10,9.19e-06,7.41e-05,0.0,0.0,9.19e-06,7.41e-05,0.00108,1.0
286.0,34.965,3.06e-11,2.5e-10,9.26e-06,7.58e-05,0.0,0.0,9.26e-06,7.58e-05,0.0011,1.0
288.0,34.722,3.2e-11,2.65e-10,9.34e-06,7.75e-05,0.0,0.0,9.34e-06,7.75e-05,0.00112,1.0
290.0,34.483,3.35e-11,2.82e-10,9.41e-06,7.92e-05,0.0,0.0,9.41e-06,7.92e-05,0.00114,1.0
292.0,34.247,3.51e-11,2.99e-10,9.49e-06,8.09e-05,0.0,0.0,9.49e-06,8.09e-05,0.00116,1.0
294.0,34.014,3.66e-11,3.17e-10,9.56e-06,8.26e-05,0.0,0.0,9.56e-06,8.26e-05,0.00118,1.0
296.0,33.784,3.84e-11,3.36e-10,9.64e-06,8.44e-05,0.0,0.0,9.64e-06,8.44e-05,0.0012,1.0
298.0,33.557,4.01e-11,3.57e-10,9.71e-06,8.62e-05,0.0,0.0,9.71e-06,8.62e-05,0.00122,1.0
300.0,33.333,4.19e-11,3.77e-10,9.78e-06,8.8e-05,0.0,0.0,9.78e-06,8.8e-05,0.00124,0.99999
302.0,33.113,4.38e-11,4e-10,9.85e-06,8.99e-05,0.0,0.0,9.85e-06,8.99e-05,0.00126,0.99999
304.0,32.895,4.59e-11,4.24e-10,9.93e-06,9.17e-05,0.0,0.0,9.93e-06,9.17e-05,0.00128,0.99999
306.0,32.68,4.79e-11,4.49e-10,1e-05,9.36e-05,0.0,0.0,1e-05,9.36e-05,0.0013,0.99999
308.0,32.468,5.02e-11,4.77e-10,1.01e-05,9.55e-05,0.0,0.0,1.01e-05,9.55e-05,0.00132,0.99999
310.0,32.258,5.26e-11,5.06e-10,1.01e-05,9.74e-05,0.0,0.0,1.01e-05,9.74e-05,0.00134,0.99999
312.0,32.051,5.5e-11,5.36e-10,1.02e-05,9.94e-05,0.0,0.0,1.02e-05,9.94e-05,0.00136,0.99999
314.0,31.847,5.74e-11,5.66e-10,1.03e-05,0.000101,0.0,0.0,1.03e-05,0.000101,0.00138,0.99999
316.0,31.646,5.99e-11,5.98e-10,1.03e-05,0.000103,0.0,0.0,1.03e-05,0.000103,0.0014,0.99999
318.0,31.447,6.27e-11,6.34e-10,1.04e-05,0.000105,0.0,0.0,1.04e-05,0.000105,0.00142,0.99999
320.0,31.25,6.54e-11,6.69e-10,1.05e-05,0.000107,0.0,0.0,1.05e-05,0.000107,0.00144,0.99999
322.0,31.056,6.83e-11,7.08e-10,1.06e-05,0.000109,0.0,0.0,1.06e-05,0.000109,0.00146,0.99999
324.0,30.864,7.15e-11,7.5e-10,1.06e-05,0.000112,0.0,0.0,1.06e-05,0.000112,0.00148,0.99999
326.0,30.675,7.46e-11,7.93e-10,1.07e-05,0.000114,0.0,0.0,1.07e-05,0.000114,0.0015,0.99999
328.0,30.488,7.79e-11,8.38e-10,1.08e-05,0.000116,0.0,0.0,1.08e-05,0.000116,0.00153,0.99999
330.0,30.303,8.13e-11,8.85e-10,1.08e-05,0.000118,0.0,0.0,1.08e-05,0.000118,0.00155,0.99999
332.0,30.12,8.5e-11,9.37e-10,1.09e-05,0.00012,0.0,0.0,1.09e-05,0.00012,0.00157,0.99999
334.0,29.94,8.91e-11,9.94e-10,1.1e-05,0.000122,0.0,0.0,1.1e-05,0.000122,0.00159,0.99999
336.0,29.762,9.31e-11,1.05e-09,1.1e-05,0.000124,0.0,0.0,1.1e-05,0.000124,0.00161,0.99999
338.0,29.586,9.7e-11,1.11e-09,1.11e-05,0.000127,0.0,0.0,1.11e-05,0.000127,0.00163,0.99999
340.0,29.412,1.01e-10,1.17e-09,1.11e-05,0.000129,0.0,0.0,1.11e-05,0.000129,0.00166,0.99999
342.0,29.24,1.06e-10,1.24e-09,1.12e-05,0.000131,0.0,0.0,1.12e-05,0.000131,0.00168,0.99999
344.0,29.07,1.11e-10,1.31e-09,1.13e-05,0.000133,0.0,0.0,1.13e-05,0.000133,0.0017,0.99999
346.0,28.902,1.16e-10,1.39e-09,1.13e-05,0.000136,0.0,0.0,1.13e-05,0.000136,0.00172,0.99999
348.0,28.736,1.21e-10,1.46e-09,1.14e-05,0.000138,0.0,0.0,1.14e-05,0.000138,0.00175,0.99999
350.0,28.571,1.26e-10,1.55e-09,1.15e-05,0.00014,0.0,0.0,1.15e-05,0.00014,0.00177,0.99999
352.0,28.409,1.32e-10,1.64e-09,1.15e-05,0.000143,0.0,0.0,1.15e-05,0.000143,0.00179,0.99999
354.0,28.249,1.38e-10,1.73e-09,1.16e-05,0.000145,0.0,0.0,1.16e-05,0.000145,0.00182,0.99999
356.0,28.09,1.44e-10,1.83e-09,1.16e-05,0.000148,0.0,0.0,1.16e-05,0.000148,0.00184,0.99999
358.0,27.933,1.5e-10,1.93e-09,1.17e-05,0.00015,0.0,0.0,1.17e-05,0.00015,0.00186,0.99998
360.0,27.778,1.57e-10,2.04e-09,1.18e-05,0.000152,0.0,0.0,1.18e-05,0.000152,0.00189,0.99998
362.0,27.624,1.64e-10,2.15e-09,1.18e-05,0.000155,0.0,0.0,1.18e-05,0.000155,0.00191,0.99998
364.0,27.473,1.72e-10,2.28e-09,1.19e-05,0.000157,0.0,0.0,1.19e-05,0.000157,0.00193,0.99998
366.0,27.322,1.8e-10,2.41e-09,1.19e-05,0.00016,0.0,0.0,1.19e-05,0.00016,0.00196,0.99998
368.0,27.174,1.88e-10,2.54e-09,1.2e-05,0.000162,0.0,0.0,1.2e-05,0.000162,0.00198,0.99998
370.0,27.027,1.96e-10,2.68e-09,1.2e-05,0.000165,0.0,0.0,1.2e-05,0.000165,0.00201,0.99998
372.0,26.882,2.05e-10,2.83e-09,1.21e-05,0.000167,0.0,0.0,1.21e-05,0.000167,0.00203,0.99998
374.0,26.738,2.14e-10,3e-09,1.22e-05,0.00017,0.0,0.0,1.22e-05,0.00017,0.00205,0.99998
376.0,26.596,2.24e-10,3.16e-09,1.22e-05,0.000173,0.0,0.0,1.22e-05,0.000173,0.00208,0.99998
378.0,26.455,2.34e-10,3.34e-09,1.23e-05,0.000175,0.0,0.0,1.23e-05,0.000175,0.0021,0.99998
380.0,26.316,2.44e-10,3.52e-09,1.23e-05,0.000178,0.0,0.0,1.23e-05,0.000178,0.00213,0.99998
382.0,26.178,2.55e-10,3.73e-09,1.24e-05,0.000181,0.0,0.0,1.24e-05,0.000181,0.00215,0.99998
384.0,26.042,2.67e-10,3.94e-09,1.24e-05,0.000183,0.0,0.0,1.24e-05,0.000183,0.00218,0.99997
386.0,25.907,2.79e-10,4.16e-09,1.25e-05,0.000186,0.0,0.0,1.25e-05,0.000186,0.0022,0.99997
388.0,25.773,2.92e-10,4.39e-09,1.25e-05,0.000189,0.0,0.0,1.25e-05,0.000189,0.00223,0.99997
390.0,25.641,3.05e-10,4.63e-09,1.26e-05,0.000191,0.0,0.0,1.26e-05,0.000191,0.00225,0.99997
392.0,25.51,3.19e-10,4.9e-09,1.26e-05,0.000194,0.0,0.0,1.26e-05,0.000194,0.00228,0.99997
394.0,25.381,3.34e-10,5.18e-09,1.27e-05,0.000197,0.0,0.0,1.27e-05,0.000197,0.0023,0.99997
396.0,25.253,3.49e-10,5.48e-09,1.27e-05,0.0002,0.0,0.0,1.27e-05,0.0002,0.00233,0.99997
398.0,25.126,3.65e-10,5.78e-09,1.28e-05,0.000202,0.0,0.0,1.28e-05,0.000202,0.00235,0.99997
400.0,25.0,3.81e-10,6.1e-09,1.28e-05,0.000205,0.0,0.0,1.28e-05,0.000205,0.00238,0.99996
402.0,24.876,3.99e-10,6.45e-09,1.29e-05,0.000208,0.0,0.0,1.29e-05,0.000208,0.00241,0.99996
404.0,24.752,4.18e-10,6.83e-09,1.29e-05,0.000211,0.0,0.0,1.29e-05,0.000211,0.00243,0.99996
406.0,24.631,4.38e-10,7.22e-09,1.3e-05,0.000214,0.0,0.0,1.3e-05,0.000214,0.00246,0.99996
408.0,24.51,4.58e-10,7.62e-09,1.3e-05,0.000217,0.0,0.0,1.3e-05,0.000217,0.00248,0.99996
410.0,24.39,4.79e-10,8.04e-09,1.31e-05,0.00022,0.0,0.0,1.31e-05,0.00022,0.00251,0.99996
412.0,24.272,5.01e-10,8.51e-09,1.31e-05,0.000222,0.0,0.0,1.31e-05,0.000222,0.00254,0.99995
414.0,24.155,5.26e-10,9.01e-09,1.32e-05,0.000225,0.0,0.0,1.32e-05,0.000225,0.00256,0.99995
416.0,24.038,5.5e-10,9.52e-09,1.32e-05,0.000228,0.0,0.0,1.32e-05,0.000228,0.00259,0.99995
418.0,23.923,5.75e-10,1.01e-08,1.32e-05,0.000231,0.0,0.0,1.32e-05,0.000231,0.00262,0.99995
420.0,23.81,6.02e-10,1.06e-08,1.33e-05,0.000234,0.0,0.0,1.33e-05,0.000234,0.00264,0.99994
422.0,23.697,6.31e-10,1.12e-08,1.33e-05,0.000237,0.0,0.0,1.33e-05,0.000237,0.00267,0.99994
424.0,23.585,6.62e-10,1.19e-08,1.34e-05,0.00024,0.0,0.0,1.34e-05,0.00024,0.0027,0.99994
426.0,23.474,6.94e-10,1.26e-08,1.34e-05,0.000243,0.0,0.0,1.34e-05,0.000243,0.00272,0.99994
428.0,23.364,7.26e-10,1.33e-08,1.34e-05,0.000246,0.0,0.0,1.34e-05,0.000246,0.00275,0.99993
430.0,23.256,7.6e-10,1.4e-08,1.35e-05,0.000249,0.0,0.0,1.35e-05,0.000249,0.00278,0.99993
432.0,23.148,7.98e-10,1.49e-08,1.35e-05,0.000252,0.0,0.0,1.35e-05,0.000252,0.0028,0.99993
434.0,23.041,8.38e-10,1.58e-08,1.36e-05,0.000256,0.0,0.0,1.36e-05,0.000256,0.00283,0.99992
436.0,22.936,8.79e-10,1.67e-08,1.36e-05,0.000259,0.0,0.0,1.36e-05,0.000259,0.00286,0.99992
438.0,22.831,9.21e-10,1.77e-08,1.36e-05,0.000262,0.0,0.0,1.36e-05,0.000262,0.00288,0.99992
440.0,22.727,1.01e-09,1.96e-08,1.37e-05,0.000265,0.0,0.0,1.37e-05,0.000265,0.00291,0.99991
442.0,22.624,1.28e-09,2.49e-08,1.37e-05,0.000268,0.0,0.0,1.37e-05,0.000268,0.00294,0.99989
444.0,22.523,1.49e-09,2.93e-08,1.38e-05,0.000271,0.0,0.0,1.38e-05,0.000271,0.00297,0.99987
446.0,22.422,1.68e-09,3.34e-08,1.38e-05,0.000274,0.0,0.0,1.38e-05,0.000274,0.00299,0.99985
448.0,22.321,1.9e-09,3.81e-08,1.38e-05,0.000277,0.0,0.0,1.38e-05,0.000277,0.00302,0.99984
450.0,22.222,2.14e-09,4.33e-08,1.39e-05,0.000281,0.0,0.0,1.39e-05,0.000281,0.00305,0.99982
452.0,22.124,2.4e-09,4.9e-08,1.39e-05,0.000284,0.0,0.0,1.39e-05,0.000284,0.00308,0.9998
454.0,22.026,2.65e-09,5.46e-08,1.39e-05,0.000287,0.0,0.0,1.39e-05,0.000287,0.00311,0.99977
456.0,21.93,2.87e-09,5.97e-08,1.4e-05,0.00029,0.0,0.0,1.4e-05,0.00029,0.00313,0.99976
458.0,21.834,3.05e-09,6.41e-08,1.4e-05,0.000293,0.0,0.0,1.4e-05,0.000293,0.00316,0.99974
460.0,21.739,3.16e-09,6.7e-08,1.4e-05,0.000297,0.0,0.0,1.4e-05,0.000297,0.00319,0.99973
462.0,21.645,2.99e-09,6.37e-08,1.41e-05,0.0003,0.0,0.0,1.41e-05,0.0003,0.00322,0.99975
464.0,21.552,2.92e-09,6.29e-08,1.41e-05,0.000303,0.0,0.0,1.41e-05,0.000303,0.00325,0.99975
466.0,21.459,3.06e-09,6.64e-08,1.41e-05,0.000306,0.0,0.0,1.41e-05,0.000307,0.00327,0.99974
468.0,21.368,2.99e-09,6.55e-08,1.41e-05,0.00031,0.0,0.0,1.41e-05,0.00031,0.0033,0.99975
470.0,21.277,1.44e-08,3.18e-07,1.42e-05,0.000313,0.0,0.0,1.42e-05,0.000313,0.00333,0.99883
472.0,21.186,1.6e-08,3.56e-07,1.42e-05,0.000316,0.0,0.0,1.42e-05,0.000316,0.00336,0.9987
474.0,21.097,3.94e-09,8.86e-08,1.42e-05,0.00032,0.0,0.0,1.42e-05,0.00032,0.00339,0.99967
476.0,21.008,3.9e-09,8.83e-08,1.43e-05,0.000323,0.0,0.0,1.43e-05,0.000323,0.00342,0.99967
478.0,20.921,5.24e-09,1.2e-07,1.43e-05,0.000326,0.0,0.0,1.43e-05,0.000326,0.00344,0.99957
480.0,20.833,7.29e-09,1.68e-07,1.43e-05,0.00033,0.0,0.0,1.43e-05,0.00033,0.00347,0.99941
482.0,20.747,7.2e-09,1.67e-07,1.43e-05,0.000333,0.0,0.0,1.43e-05,0.000333,0.0035,0.99941
484.0,20.661,7.75e-09,1.82e-07,1.44e-05,0.000336,0.0,0.0,1.44e-05,0.000336,0.00353,0.99937
486.0,20.576,8.61e-09,2.03e-07,1.44e-05,0.00034,0.0,0.0,1.44e-05,0.00034,0.00356,0.9993
488.0,20.492,9.46e-09,2.25e-07,1.44e-05,0.000343,0.0,0.0,1.44e-05,0.000343,0.00359,0.99923
490.0,20.408,1.1e-08,2.65e-07,1.44e-05,0.000346,0.0,0.0,1.44e-05,0.000347,0.00362,0.9991
492.0,20.325,1.21e-08,2.93e-07,1.44e-05,0.00035,0.0,0.0,1.45e-05,0.00035,0.00365,0.99902
494.0,20.243,1.24e-08,3.02e-07,1.45e-05,0.000353,0.0,0.0,1.45e-05,0.000353,0.00367,0.999
496.0,20.161,1.32e-08,3.24e-07,1.45e-05,0.000356,0.0,0.0,1.45e-05,0.000357,0.0037,0.99893
498.0,20.08,1.38e-08,3.43e-07,1.45e-05,0.00036,0.0,0.0,1.45e-05,0.00036,0.00373,0.99888
500.0,20.0,1.47e-08,3.67e-07,1.45e-05,0.000363,0.0,0.0,1.45e-05,0.000364,0.00376,0.99882
502.0,19.92,1.53e-08,3.86e-07,1.46e-05,0.000367,0.0,0.0,1.46e-05,0.000367,0.00379,0.99876
504.0,19.841,1.88e-08,4.79e-07,1.46e-05,0.00037,0.0,0.0,1.46e-05,0.000371,0.00382,0.99848
506.0,19.763,4e-08,1.02e-06,1.46e-05,0.000373,0.0,0.0,1.46e-05,0.000374,0.00385,0.99681
508.0,19.685,1.13e-07,2.9e-06,1.45e-05,0.000374,0.0,0.0,1.46e-05,0.000377,0.00388,0.99111
510.0,19.608,1.06e-07,2.77e-06,1.45e-05,0.000378,0.0,0.0,1.46e-05,0.000381,0.00391,0.99161
512.0,19.531,7.71e-08,2.02e-06,1.46e-05,0.000382,0.0,0.0,1.47e-05,0.000384,0.00394,0.99388
514.0,19.455,9.54e-08,2.52e-06,1.46e-05,0.000385,0.0,0.0,1.47e-05,0.000387,0.00397,0.99239
516.0,19.38,1.27e-07,3.38e-06,1.46e-05,0.000387,0.0,0.0,1.47e-05,0.000391,0.004,0.98985
518.0,19.305,1.63e-07,4.39e-06,1.45e-05,0.00039,0.0,0.0,1.47e-05,0.000394,0.00403,0.98689
520.0,19.231,2.05e-07,5.54e-06,1.45e-05,0.000392,0.0,0.0,1.47e-05,0.000397,0.00405,0.9835
522.0,19.157,2.53e-07,6.9e-06,1.44e-05,0.000394,0.0,0.0,1.47e-05,0.000401,0.00408,0.97952
524.0,19.084,3.03e-07,8.31e-06,1.44e-05,0.000395,0.0,0.0,1.47e-05,0.000404,0.00411,0.97546
526.0,19.011,3.65e-07,1.01e-05,1.43e-05,0.000397,0.0,0.0,1.47e-05,0.000407,0.00414,0.97032
528.0,18.939,4.09e-07,1.14e-05,1.43e-05,0.000399,0.0,0.0,1.47e-05,0.00041,0.00417,0.96662
530.0,18.868,4.22e-07,1.18e-05,1.43e-05,0.000402,0.0,0.0,1.47e-05,0.000413,0.0042,0.96544
532.0,18.797,4.23e-07,1.2e-05,1.43e-05,0.000405,0.0,0.0,1.47e-05,0.000417,0.00423,0.96527
534.0,18.727,3.69e-07,1.05e-05,1.44e-05,0.00041,0.0,0.0,1.48e-05,0.000421,0.00426,0.96967
536.0,18.657,3.62e-07,1.04e-05,1.44e-05,0.000414,0.0,0.0,1.48e-05,0.000424,0.00429,0.9702
538.0,18.587,3.52e-07,1.02e-05,1.44e-05,0.000418,0.0,0.0,1.48e-05,0.000428,0.00432,0.97102
540.0,18.519,2.66e-07,7.76e-06,1.45e-05,0.000424,0.0,0.0,1.48e-05,0.000432,0.00435,0.9782
542.0,18.45,5.96e-07,1.75e-05,1.41e-05,0.000415,0.0,0.0,1.47e-05,0.000433,0.00438,0.95059
544.0,18.382,3e-06,8.87e-05,1.11e-05,0.000328,0.0,0.0,1.41e-05,0.000417,0.00441,0.74561
546.0,18.315,3.11e-06,9.28e-05,1.1e-05,0.000328,0.0,0.0,1.41e-05,0.000421,0.00444,0.73928
548.0,18.248,9.77e-07,2.93e-05,1.37e-05,0.000413,0.0,0.0,1.47e-05,0.000442,0.00446,0.9216
550.0,18.182,5.96e-07,1.8e-05,1.42e-05,0.000429,0.0,0.0,1.48e-05,0.000447,0.00449,0.95174
552.0,18.116,6.1e-07,1.86e-05,1.42e-05,0.000432,0.0,0.0,1.48e-05,0.000451,0.00452,0.95068
554.0,18.051,7.27e-07,2.23e-05,1.41e-05,0.000431,0.0,0.0,1.48e-05,0.000454,0.00455,0.94135
556.0,17.986,9.33e-07,2.88e-05,1.38e-05,0.000427,0.0,0.0,1.47e-05,0.000456,0.00458,0.92479
558.0,17.921,1.09e-06,3.4e-05,1.36e-05,0.000425,0.0,0.0,1.47e-05,0.000459,0.00461,0.91236
560.0,17.857,1.18e-06,3.71e-05,1.35e-05,0.000425,0.0,0.0,1.47e-05,0.000462,0.00464,0.90548
562.0,17.794,1.38e-06,4.35e-05,1.33e-05,0.00042,0.0,0.0,1.47e-05,0.000464,0.00467,0.89008
564.0,17.73,1.89e-06,6.01e-05,1.27e-05,0.000404,0.0,0.0,1.46e-05,0.000464,0.0047,0.84881
566.0,17.668,2.39e-06,7.65e-05,1.21e-05,0.000387,0.0,0.0,1.45e-05,0.000464,0.00473,0.80803
568.0,17.606,2.79e-06,9e-05,1.16e-05,0.000374,0.0,0.0,1.44e-05,0.000464,0.00476,0.77441
570.0,17.544,3.42e-06,0.000111,1.08e-05,0.000351,0.0,0.0,1.42e-05,0.000462,0.00479,0.72052
572.0,17.483,4.15e-06,0.000136,9.83e-06,0.000322,0.0,0.0,1.4e-05,0.000458,0.00481,0.65643
574.0,17.422,5.15e-06,0.00017,8.48e-06,0.000279,0.0,0.0,1.36e-05,0.000449,0.00484,0.56615
576.0,17.361,5.81e-06,0.000193,7.49e-06,0.000248,0.0,0.0,1.33e-05,0.000441,0.00487,0.4996
578.0,17.301,6.44e-06,0.000215,6.49e-06,0.000217,0.0,0.0,1.29e-05,0.000432,0.00489,0.43293
580.0,17.241,7.47e-06,0.000251,4.96e-06,0.000167,0.0,0.0,1.24e-05,0.000418,0.00492,0.33074
582.0,17.182,8.16e-06,0.000276,3.74e-06,0.000127,0.0,0.0,1.19e-05,0.000403,0.00494,0.2494
584.0,17.123,8.1e-06,0.000276,3.51e-06,0.00012,0.0,0.0,1.16e-05,0.000396,0.00497,0.23413
586.0,17.065,8.32e-06,0.000286,2.73e-06,9.37e-05,0.0,0.0,1.1e-05,0.000379,0.00499,0.18208
588.0,17.007,8.48e-06,0.000293,2.15e-06,7.42e-05,0.0,0.0,1.06e-05,0.000367,0.00501,0.14321
590.0,16.949,8.37e-06,0.000291,2e-06,6.95e-05,0.0,0.0,1.04e-05,0.000361,0.00503,0.13308
592.0,16.892,8.6e-06,0.000301,1.55e-06,5.45e-05,0.0,0.0,1.01e-05,0.000356,0.00505,0.10369
594.0,16.835,8.49e-06,0.000299,5e-07,1.76e-05,0.0,0.0,8.99e-06,0.000317,0.00507,0.03334
596.0,16.779,7.69e-06,0.000273,1.16e-07,4.11e-06,0.0,0.0,7.81e-06,0.000277,0.00508,0.00772
598.0,16.722,7.88e-06,0.000282,1.79e-07,6.39e-06,0.0,0.0,8.06e-06,0.000288,0.0051,0.01193
600.0,16.667,8.52e-06,0.000307,4e-07,1.44e-05,0.0,0.0,8.92e-06,0.000321,0.00512,0.02671
602.0,16.611,8.05e-06,0.000292,3.41e-07,1.24e-05,0.0,0.0,8.39e-06,0.000304,0.00514,0.02277
604.0,16.556,7.76e-06,0.000283,1.4e-07,5.11e-06,0.0,0.0,7.9e-06,0.000288,0.00515,0.00935
606.0,16.502,7.41e-06,0.000272,8.16e-08,3e-06,0.0,0.0,7.49e-06,0.000275,0.00517,0.00545
608.0,16.447,7.26e-06,0.000268,6.13e-08,2.27e-06,0.0,0.0,7.32e-06,0.000271,0.00518,0.0041
610.0,16.393,7.56e-06,0.000281,8.61e-08,3.2e-06,0.0,0.0,7.64e-06,0.000284,0.0052,0.00575
612.0,16.34,7.63e-06,0.000286,1.11e-07,4.17e-06,0.0,0.0,7.74e-06,0.00029,0.00521,0.00743
614.0,16.287,6.99e-06,0.000264,4.47e-08,1.68e-06,0.0,0.0,7.04e-06,0.000265,0.00523,0.00299
616.0,16.234,6.05e-06,0.00023,5.03e-09,1.91e-07,0.0,0.0,6.06e-06,0.00023,0.00524,0.00034
618.0,16.181,5.92e-06,0.000226,2.12e-09,8.11e-08,0.0,0.0,5.92e-06,0.000226,0.00525,0.00014
620.0,16.129,6.6e-06,0.000254,8.58e-09,3.3e-07,0.0,0.0,6.61e-06,0.000254,0.00526,0.00057
622.0,16.077,6.51e-06,0.000252,9.9e-09,3.83e-07,0.0,0.0,6.52e-06,0.000252,0.00528,0.00066
624.0,16.026,6.07e-06,0.000236,5.13e-09,2e-07,0.0,0.0,6.07e-06,0.000236,0.00529,0.00034
626.0,15.974,5.7e-06,0.000223,5.59e-10,2.19e-08,0.0,0.0,5.7e-06,0.000223,0.0053,4e-05
628.0,15.924,5.32e-06,0.00021,1.17e-10,4.61e-09,0.0,0.0,5.32e-06,0.00021,0.00531,1e-05
630.0,15.873,5.11e-06,0.000203,7.47e-12,2.96e-10,0.0,0.0,5.11e-06,0.000203,0.00532,0.0
632.0,15.823,4.96e-06,0.000198,3.39e-13,1.35e-11,0.0,0.0,4.96e-06,0.000198,0.00533,0.0
634.0,15.773,4.83e-06,0.000194,4.55e-14,1.83e-12,0.0,0.0,4.83e-06,0.000194,0.00534,0.0
636.0,15.723,4.72e-06,0.000191,7.49e-16,3.03e-14,0.0,0.0,4.72e-06,0.000191,0.00535,0.0
638.0,15.674,4.66e-06,0.00019,9.65e-19,3.93e-17,0.0,0.0,4.66e-06,0.00019,0.00536,0.0
640.0,15.625,4.66e-06,0.000191,1.33e-19,5.44e-18,0.0,0.0,4.66e-06,0.000191,0.00537,0.0
642.0,15.576,4.72e-06,0.000195,1.19e-21,4.9e-20,0.0,0.0,4.72e-06,0.000195,0.00538,0.0
644.0,15.528,4.83e-06,0.0002,2.23e-25,9.26e-24,0.0,0.0,4.83e-06,0.0002,0.00539,0.0
646.0,15.48,5.01e-06,0.000209,4.66e-27,1.94e-25,0.0,0.0,5.01e-06,0.000209,0.0054,0.0
648.0,15.432,5.54e-06,0.000233,8.75e-30,3.67e-28,0.0,0.0,5.54e-06,0.000233,0.00541,0.0
650.0,15.385,5.61e-06,0.000237,6.1e-36,2.58e-34,0.0,0.0,5.61e-06,0.000237,0.00542,0.0
652.0,15.337,5.25e-06,0.000223,1.83e-35,7.8e-34,0.0,0.0,5.25e-06,0.000223,0.00543,0.0
654.0,15.291,5.11e-06,0.000219,8.61e-30,3.68e-28,0.0,0.0,5.11e-06,0.000219,0.00544,0.0
656.0,15.244,5.09e-06,0.000219,8.61e-30,3.71e-28,0.0,0.0,5.09e-06,0.000219,0.00545,0.0
658.0,15.198,5.19e-06,0.000225,1.01e-35,4.37e-34,0.0,0.0,5.19e-06,0.000225,0.00546,0.0
660.0,15.152,5.17e-06,0.000225,1.57e-35,6.86e-34,0.0,0.0,5.17e-06,0.000225,0.00547,0.0
662.0,15.106,5.47e-06,0.00024,7.84e-36,3.44e-34,0.0,0.0,5.47e-06,0.00024,0.00548,0.0
664.0,15.06,5.52e-06,0.000244,0.0,0.0,0.0,0.0,5.52e-06,0.000244,0.00549,0.0
666.0,15.015,6.14e-06,0.000272,0.0,0.0,0.0,0.0,6.14e-06,0.000272,0.0055,0.0
668.0,14.97,7.34e-06,0.000327,0.0,0.0,0.0,0.0,7.34e-06,0.000327,0.00552,0.0
670.0,14.925,6.36e-06,0.000286,0.0,0.0,0.0,0.0,6.36e-06,0.000286,0.00553,0.0
672.0,14.881,5.34e-06,0.000241,6.18e-43,2.79e-41,0.0,0.0,5.34e-06,0.000241,0.00554,0.0
674.0,14.837,5.14e-06,0.000234,1.07e-35,4.87e-34,0.0,0.0,5.14e-06,0.000234,0.00555,0.0
676.0,14.793,5.06e-06,0.000231,3.22e-35,1.47e-33,0.0,0.0,5.06e-06,0.000231,0.00556,0.0
678.0,14.749,5.15e-06,0.000237,1.07e-35,4.93e-34,0.0,0.0,5.15e-06,0.000237,0.00557,0.0
680.0,14.706,5.1e-06,0.000236,4.02e-43,1.86e-41,0.0,0.0,5.1e-06,0.000236,0.00558,0.0
682.0,14.663,5.03e-06,0.000234,4.04e-33,1.88e-31,0.0,0.0,5.03e-06,0.000234,0.00559,0.0
684.0,14.62,4.78e-06,0.000223,1.26e-32,5.91e-31,0.0,0.0,4.78e-06,0.000223,0.0056,0.0
686.0,14.577,4.7e-06,0.000221,5.67e-33,2.67e-31,0.0,0.0,4.7e-06,0.000221,0.00561,0.0
688.0,14.535,4.67e-06,0.000221,1.94e-33,9.2e-32,0.0,0.0,4.67e-06,0.000221,0.00562,0.0
690.0,14.493,4.54e-06,0.000216,2.57e-23,1.22e-21,0.0,0.0,4.54e-06,0.000216,0.00563,0.0
692.0,14.451,4.21e-06,0.000202,6.45e-22,3.09e-20,0.0,0.0,4.21e-06,0.000202,0.00564,0.0
694.0,14.409,4.16e-06,0.0002,1.79e-21,8.61e-20,0.0,0.0,4.16e-06,0.0002,0.00565,0.0
696.0,14.368,4.11e-06,0.000199,1.18e-19,5.7e-18,0.0,0.0,4.11e-06,0.000199,0.00566,0.0
698.0,14.327,4.12e-06,0.000201,1.14e-15,5.53e-14,0.0,0.0,4.12e-06,0.000201,0.00566,0.0
700.0,14.286,4.12e-06,0.000202,3.43e-15,1.68e-13,0.0,0.0,4.12e-06,0.000202,0.00567,0.0
702.0,14.245,4.2e-06,0.000207,1.25e-15,6.14e-14,0.0,0.0,4.2e-06,0.000207,0.00568,0.0
704.0,14.205,4.44e-06,0.00022,2.25e-13,1.11e-11,0.0,0.0,4.44e-06,0.00022,0.00569,0.0
706.0,14.164,4.71e-06,0.000235,3.95e-12,1.97e-10,0.0,0.0,4.71e-06,0.000235,0.0057,0.0
708.0,14.124,4.89e-06,0.000245,3.7e-11,1.85e-09,0.0,0.0,4.89e-06,0.000245,0.00571,0.0
710.0,14.085,5.04e-06,0.000254,3.59e-10,1.81e-08,0.0,0.0,5.04e-06,0.000254,0.00572,3e-05
712.0,14.045,5.36e-06,0.000272,1.61e-09,8.15e-08,0.0,0.0,5.36e-06,0.000272,0.00573,0.00011
714.0,14.006,5.66e-06,0.000289,3.66e-09,1.87e-07,0.0,0.0,5.66e-06,0.000289,0.00574,0.00026
716.0,13.966,5.73e-06,0.000294,4.27e-09,2.19e-07,0.0,0.0,5.74e-06,0.000294,0.00575,0.0003
718.0,13.928,5.09e-06,0.000262,1.68e-09,8.64e-08,0.0,0.0,5.09e-06,0.000262,0.00576,0.00012
720.0,13.889,4.62e-06,0.00024,1.37e-11,7.09e-10,0.0,0.0,4.62e-06,0.00024,0.00577,0.0
722.0,13.85,5.76e-06,0.000301,2.38e-08,1.24e-06,0.0,0.0,5.79e-06,0.000302,0.00578,0.00168
724.0,13.812,6.73e-06,0.000353,1.37e-07,7.2e-06,0.0,0.0,6.86e-06,0.00036,0.0058,0.00972
726.0,13.774,7.08e-06,0.000373,2.88e-07,1.52e-05,0.0,0.0,7.37e-06,0.000389,0.00581,0.0204
728.0,13.736,6.89e-06,0.000365,1.85e-07,9.83e-06,0.0,0.0,7.07e-06,0.000375,0.00583,0.01315
730.0,13.699,6.47e-06,0.000345,1.09e-07,5.8e-06,0.0,0.0,6.58e-06,0.000351,0.00584,0.00773
732.0,13.661,6.38e-06,0.000342,8.21e-08,4.4e-06,0.0,0.0,6.47e-06,0.000346,0.00585,0.00585
734.0,13.624,6.44e-06,0.000347,8.1e-08,4.36e-06,0.0,0.0,6.52e-06,0.000351,0.00587,0.00578
736.0,13.587,6.51e-06,0.000352,8.39e-08,4.55e-06,0.0,0.0,6.59e-06,0.000357,0.00588,0.00599
738.0,13.55,6.44e-06,0.000351,6.07e-08,3.3e-06,0.0,0.0,6.5e-06,0.000354,0.00589,0.00434
740.0,13.514,6.02e-06,0.00033,2.7e-08,1.48e-06,0.0,0.0,6.05e-06,0.000331,0.0059,0.00193
742.0,13.477,6.21e-06,0.000342,2.15e-07,1.19e-05,0.0,0.0,6.43e-06,0.000354,0.00592,0.01548
744.0,13.441,7.23e-06,0.0004,6.73e-07,3.72e-05,0.0,0.0,7.9e-06,0.000437,0.00593,0.04843
746.0,13.405,7.46e-06,0.000415,1.03e-06,5.72e-05,0.0,0.0,8.49e-06,0.000473,0.00595,0.07411
748.0,13.369,7.42e-06,0.000415,1.41e-06,7.87e-05,0.0,0.0,8.83e-06,0.000494,0.00597,0.10159
750.0,13.333,7.33e-06,0.000412,1.8e-06,0.000101,0.0,0.0,9.13e-06,0.000514,0.00599,0.13024
752.0,13.298,7.23e-06,0.000409,2.27e-06,0.000128,0.0,0.0,9.5e-06,0.000537,0.006,0.16446
754.0,13.263,7.15e-06,0.000406,2.64e-06,0.00015,0.0,0.0,9.79e-06,0.000557,0.00602,0.19196
756.0,13.228,7.12e-06,0.000407,2.82e-06,0.000161,0.0,0.0,9.94e-06,0.000568,0.00604,0.20484
758.0,13.193,6.55e-06,0.000376,3.97e-06,0.000228,0.0,0.0,1.05e-05,0.000604,0.00606,0.2894
760.0,13.158,5.47e-06,0.000316,5.89e-06,0.00034,0.0,0.0,1.14e-05,0.000656,0.00609,0.43028
762.0,13.123,4.85e-06,0.000282,6.92e-06,0.000402,0.0,0.0,1.18e-05,0.000683,0.00611,0.50646
764.0,13.089,4.3e-06,0.000251,7.78e-06,0.000454,0.0,0.0,1.21e-05,0.000705,0.00614,0.5707
766.0,13.055,3.77e-06,0.000221,8.59e-06,0.000504,0.0,0.0,1.24e-05,0.000725,0.00616,0.63136
768.0,13.021,3.38e-06,0.000199,9.17e-06,0.000541,0.0,0.0,1.25e-05,0.00074,0.00619,0.67502
770.0,12.987,3.08e-06,0.000182,9.58e-06,0.000568,0.0,0.0,1.27e-05,0.00075,0.00621,0.70683
772.0,12.953,2.5e-06,0.000149,1.03e-05,0.000615,0.0,0.0,1.28e-05,0.000764,0.00624,0.76327
774.0,12.92,2.05e-06,0.000123,1.09e-05,0.000651,0.0,0.0,1.29e-05,0.000774,0.00626,0.80493
776.0,12.887,1.71e-06,0.000103,1.13e-05,0.000678,0.0,0.0,1.3e-05,0.000782,0.00629,0.83626
778.0,12.853,1.4e-06,8.48e-05,1.16e-05,0.000705,0.0,0.0,1.3e-05,0.000789,0.00631,0.86603
780.0,12.821,1.2e-06,7.31e-05,1.19e-05,0.000722,0.0,0.0,1.31e-05,0.000795,0.00634,0.88437
782.0,12.788,1.14e-06,6.96e-05,1.19e-05,0.000728,0.0,0.0,1.3e-05,0.000797,0.00637,0.88908
784.0,12.755,9.34e-07,5.74e-05,1.21e-05,0.000746,0.0,0.0,1.31e-05,0.000803,0.00639,0.90826
786.0,12.723,7.27e-07,4.49e-05,1.24e-05,0.000764,0.0,0.0,1.31e-05,0.000809,0.00642,0.92839
788.0,12.69,5.33e-07,3.31e-05,1.26e-05,0.000783,0.0,0.0,1.31e-05,0.000816,0.00644,0.9478
790.0,12.658,1.99e-06,0.000124,1.04e-05,0.000647,0.0,0.0,1.24e-05,0.000771,0.00647,0.78086
792.0,12.626,4.15e-06,0.000261,6.98e-06,0.000438,0.0,0.0,1.11e-05,0.000698,0.00649,0.52744
794.0,12.594,2.11e-06,0.000133,1.02e-05,0.000642,0.0,0.0,1.23e-05,0.000776,0.00652,0.77179
796.0,12.563,7.74e-07,4.9e-05,1.21e-05,0.00077,0.0,0.0,1.29e-05,0.000819,0.00654,0.92186
798.0,12.531,8.07e-07,5.14e-05,1.21e-05,0.000768,0.0,0.0,1.29e-05,0.000819,0.00657,0.91685
800.0,12.5,7.66e-07,4.9e-05,1.21e-05,0.000773,0.0,0.0,1.28e-05,0.000822,0.00659,0.92104
802.0,12.469,9.32e-07,6e-05,1.18e-05,0.00076,0.0,0.0,1.28e-05,0.00082,0.00662,0.9034
804.0,12.438,9.43e-07,6.09e-05,1.18e-05,0.000762,0.0,0.0,1.27e-05,0.000823,0.00664,0.90231
806.0,12.407,9.1e-07,5.91e-05,1.18e-05,0.000766,0.0,0.0,1.27e-05,0.000826,0.00667,0.90569
808.0,12.376,8.49e-07,5.54e-05,1.19e-05,0.000774,0.0,0.0,1.27e-05,0.000829,0.0067,0.91215
810.0,12.346,7.74e-07,5.08e-05,1.19e-05,0.000783,0.0,0.0,1.27e-05,0.000834,0.00672,0.92028
812.0,12.315,6.75e-07,4.45e-05,1.2e-05,0.000794,0.0,0.0,1.27e-05,0.000838,0.00675,0.93075
814.0,12.285,5.17e-07,3.43e-05,1.22e-05,0.00081,0.0,0.0,1.27e-05,0.000844,0.00677,0.94734
816.0,12.255,5.15e-07,3.43e-05,1.22e-05,0.000812,0.0,0.0,1.27e-05,0.000846,0.0068,0.94771
818.0,12.225,4.16e-07,2.78e-05,1.23e-05,0.000823,0.0,0.0,1.27e-05,0.000851,0.00682,0.95802
820.0,12.195,3.22e-07,2.17e-05,1.24e-05,0.000833,0.0,0.0,1.27e-05,0.000855,0.00685,0.96764
822.0,12.165,2.41e-07,1.63e-05,1.25e-05,0.000842,0.0,0.0,1.27e-05,0.000859,0.00687,0.97594
824.0,12.136,1.61e-07,1.09e-05,1.25e-05,0.000851,0.0,0.0,1.27e-05,0.000862,0.0069,0.98393
826.0,12.107,1.55e-07,1.06e-05,1.25e-05,0.000854,0.0,0.0,1.27e-05,0.000865,0.00692,0.98455
828.0,12.077,2.84e-07,1.95e-05,1.23e-05,0.000845,0.0,0.0,1.26e-05,0.000864,0.00695,0.97186
830.0,12.048,1.77e-07,1.22e-05,1.24e-05,0.000856,0.0,0.0,1.26e-05,0.000868,0.00697,0.9825
832.0,12.019,6.41e-08,4.44e-06,1.25e-05,0.000868,0.0,0.0,1.26e-05,0.000872,0.007,0.99362
834.0,11.99,4.63e-08,3.22e-06,1.25e-05,0.000871,0.0,0.0,1.26e-05,0.000874,0.00702,0.99534
836.0,11.962,3.96e-08,2.76e-06,1.25e-05,0.000874,0.0,0.0,1.25e-05,0.000876,0.00705,0.99598
838.0,11.933,3.82e-08,2.69e-06,1.25e-05,0.000876,0.0,0.0,1.25e-05,0.000878,0.00708,0.9961
840.0,11.905,3.24e-08,2.28e-06,1.24e-05,0.000878,0.0,0.0,1.25e-05,0.00088,0.0071,0.99669
842.0,11.876,3.07e-08,2.17e-06,1.24e-05,0.00088,0.0,0.0,1.24e-05,0.000882,0.00712,0.99684
844.0,11.848,3.07e-08,2.18e-06,1.24e-05,0.000882,0.0,0.0,1.24e-05,0.000884,0.00715,0.99684
846.0,11.82,2.85e-08,2.04e-06,1.23e-05,0.000884,0.0,0.0,1.24e-05,0.000886,0.00717,0.99705
848.0,11.792,2.49e-08,1.79e-06,1.23e-05,0.000886,0.0,0.0,1.23e-05,0.000888,0.0072,0.99742
850.0,11.765,2.26e-08,1.63e-06,1.23e-05,0.000888,0.0,0.0,1.23e-05,0.00089,0.00722,0.99765
852.0,11.737,2.1e-08,1.52e-06,1.23e-05,0.00089,0.0,0.0,1.23e-05,0.000891,0.00725,0.99781
854.0,11.71,1.74e-08,1.27e-06,1.22e-05,0.000892,0.0,0.0,1.22e-05,0.000893,0.00727,0.99817
856.0,11.682,1.96e-08,1.44e-06,1.22e-05,0.000893,0.0,0.0,1.22e-05,0.000895,0.0073,0.99795
858.0,11.655,1.81e-08,1.34e-06,1.22e-05,0.000895,0.0,0.0,1.22e-05,0.000897,0.00732,0.9981
860.0,11.628,1.27e-08,9.4e-07,1.21e-05,0.000897,0.0,0.0,1.21e-05,0.000898,0.00735,0.99865
862.0,11.601,2.88e-08,2.14e-06,1.21e-05,0.000898,0.0,0.0,1.21e-05,0.0009,0.00737,0.99698
864.0,11.574,6.15e-08,4.59e-06,1.2e-05,0.000896,0.0,0.0,1.21e-05,0.000901,0.00739,0.99356
866.0,11.547,3.11e-08,2.33e-06,1.2e-05,0.000901,0.0,0.0,1.2e-05,0.000903,0.00742,0.99672
868.0,11.521,9.82e-09,7.4e-07,1.2e-05,0.000904,0.0,0.0,1.2e-05,0.000905,0.00744,0.99895
870.0,11.494,1.05e-08,7.93e-07,1.2e-05,0.000906,0.0,0.0,1.2e-05,0.000907,0.00747,0.99887
872.0,11.468,1.17e-08,8.87e-07,1.19e-05,0.000907,0.0,0.0,1.19e-05,0.000908,0.00749,0.99875
874.0,11.442,1.22e-08,9.31e-07,1.19e-05,0.000909,0.0,0.0,1.19e-05,0.00091,0.00751,0.99868
876.0,11.416,1.32e-08,1.01e-06,1.19e-05,0.00091,0.0,0.0,1.19e-05,0.000911,0.00754,0.99857
878.0,11.39,1.43e-08,1.1e-06,1.18e-05,0.000912,0.0,0.0,1.18e-05,0.000913,0.00756,0.99845
880.0,11.364,1.54e-08,1.19e-06,1.18e-05,0.000913,0.0,0.0,1.18e-05,0.000914,0.00759,0.99834
882.0,11.338,1.64e-08,1.27e-06,1.18e-05,0.000914,0.0,0.0,1.18e-05,0.000916,0.00761,0.99823
884.0,11.312,1.8e-08,1.41e-06,1.17e-05,0.000916,0.0,0.0,1.17e-05,0.000917,0.00763,0.99805
886.0,11.287,1.96e-08,1.54e-06,1.17e-05,0.000917,0.0,0.0,1.17e-05,0.000918,0.00766,0.99786
888.0,11.261,2.14e-08,1.69e-06,1.16e-05,0.000918,0.0,0.0,1.17e-05,0.00092,0.00768,0.99766
890.0,11.236,2.57e-08,2.03e-06,1.16e-05,0.000919,0.0,0.0,1.16e-05,0.000921,0.0077,0.99719
892.0,11.211,3.07e-08,2.45e-06,1.16e-05,0.00092,0.0,0.0,1.16e-05,0.000922,0.00773,0.99661
894.0,11.186,3.5e-08,2.8e-06,1.15e-05,0.000921,0.0,0.0,1.16e-05,0.000924,0.00775,0.99615
896.0,11.161,3.99e-08,3.2e-06,1.15e-05,0.000922,0.0,0.0,1.15e-05,0.000925,0.00777,0.99561
898.0,11.136,4.59e-08,3.71e-06,1.14e-05,0.000922,0.0,0.0,1.15e-05,0.000926,0.00779,0.9949
900.0,11.111,5.44e-08,4.4e-06,1.14e-05,0.000923,0.0,0.0,1.14e-05,0.000927,0.00782,0.99394
902.0,11.086,5.89e-08,4.79e-06,1.14e-05,0.000923,0.0,0.0,1.14e-05,0.000928,0.00784,0.99344
904.0,11.062,6.75e-08,5.52e-06,1.13e-05,0.000924,0.0,0.0,1.14e-05,0.000929,0.00786,0.99245
906.0,11.038,7.78e-08,6.39e-06,1.13e-05,0.000924,0.0,0.0,1.13e-05,0.00093,0.00789,0.99131
908.0,11.013,8.94e-08,7.37e-06,1.12e-05,0.000924,0.0,0.0,1.13e-05,0.000931,0.00791,0.99001
910.0,10.989,9.92e-08,8.21e-06,1.12e-05,0.000924,0.0,0.0,1.13e-05,0.000932,0.00793,0.98888
912.0,10.965,1.02e-07,8.51e-06,1.11e-05,0.000925,0.0,0.0,1.12e-05,0.000933,0.00795,0.98853
914.0,10.941,9.94e-08,8.3e-06,1.11e-05,0.000926,0.0,0.0,1.12e-05,0.000935,0.00798,0.98882
916.0,10.917,1.13e-07,9.48e-06,1.1e-05,0.000926,0.0,0.0,1.11e-05,0.000935,0.008,0.98716
918.0,10.893,1.34e-07,1.13e-05,1.1e-05,0.000925,0.0,0.0,1.11e-05,0.000936,0.00802,0.98466
920.0,10.87,1.43e-07,1.21e-05,1.09e-05,0.000925,0.0,0.0,1.11e-05,0.000937,0.00804,0.98353
922.0,10.846,1.65e-07,1.4e-05,1.09e-05,0.000923,0.0,0.0,1.1e-05,0.000937,0.00806,0.98081
924.0,10.823,1.75e-07,1.49e-05,1.08e-05,0.000923,0.0,0.0,1.1e-05,0.000938,0.00809,0.97954
926.0,10.799,2e-07,1.72e-05,1.07e-05,0.000921,0.0,0.0,1.09e-05,0.000938,0.00811,0.97635
928.0,10.776,2.4e-07,2.07e-05,1.07e-05,0.000917,0.0,0.0,1.09e-05,0.000938,0.00813,0.97141
930.0,10.753,3.01e-07,2.6e-05,1.05e-05,0.000911,0.0,0.0,1.08e-05,0.000937,0.00815,0.96391
932.0,10.73,3.7e-07,3.21e-05,1.04e-05,0.000904,0.0,0.0,1.08e-05,0.000936,0.00817,0.95532
934.0,10.707,4.31e-07,3.76e-05,1.03e-05,0.000897,0.0,0.0,1.07e-05,0.000935,0.00819,0.94737
936.0,10.684,4.92e-07,4.31e-05,1.02e-05,0.000891,0.0,0.0,1.07e-05,0.000934,0.00822,0.93933
938.0,10.661,5.48e-07,4.82e-05,1.01e-05,0.000884,0.0,0.0,1.06e-05,0.000933,0.00824,0.93175
940.0,10.638,6.94e-07,6.14e-05,9.8e-06,0.000866,0.0,0.0,1.05e-05,0.000928,0.00826,0.91182
942.0,10.616,8.43e-07,7.48e-05,9.55e-06,0.000848,0.0,0.0,1.04e-05,0.000922,0.00828,0.89142
944.0,10.593,7.64e-07,6.81e-05,9.62e-06,0.000857,0.0,0.0,1.04e-05,0.000926,0.0083,0.901
946.0,10.571,7.81e-07,6.99e-05,9.56e-06,0.000855,0.0,0.0,1.03e-05,0.000925,0.00832,0.89783
948.0,10.549,9.03e-07,8.12e-05,9.34e-06,0.000839,0.0,0.0,1.02e-05,0.00092,0.00834,0.88029
950.0,10.526,7.69e-07,6.94e-05,9.49e-06,0.000857,0.0,0.0,1.03e-05,0.000926,0.00836,0.89794
952.0,10.504,6.17e-07,5.6e-05,9.67e-06,0.000877,0.0,0.0,1.03e-05,0.000933,0.00838,0.91823
954.0,10.482,6.22e-07,5.66e-05,9.63e-06,0.000876,0.0,0.0,1.02e-05,0.000933,0.0084,0.91671
956.0,10.46,6.02e-07,5.5e-05,9.62e-06,0.000879,0.0,0.0,1.02e-05,0.000934,0.00842,0.91897
958.0,10.438,4.04e-07,3.71e-05,9.86e-06,0.000905,0.0,0.0,1.03e-05,0.000942,0.00844,0.94581
960.0,10.417,1.86e-07,1.72e-05,1.01e-05,0.000934,0.0,0.0,1.03e-05,0.000951,0.00846,0.97515
962.0,10.395,1.9e-07,1.75e-05,1.01e-05,0.000934,0.0,0.0,1.03e-05,0.000952,0.00848,0.97459
964.0,10.373,4.05e-07,3.76e-05,9.75e-06,0.000906,0.0,0.0,1.02e-05,0.000944,0.0085,0.94465
966.0,10.352,5.89e-07,5.5e-05,9.45e-06,0.000882,0.0,0.0,1e-05,0.000937,0.00852,0.91848
968.0,10.331,7.15e-07,6.7e-05,9.23e-06,0.000865,0.0,0.0,9.94e-06,0.000932,0.00854,0.9003
970.0,10.309,8.02e-07,7.55e-05,9.07e-06,0.000853,0.0,0.0,9.87e-06,0.000929,0.00856,0.88793
972.0,10.288,9.32e-07,8.8e-05,8.84e-06,0.000835,0.0,0.0,9.77e-06,0.000923,0.00858,0.8687
974.0,10.267,8.23e-07,7.81e-05,8.97e-06,0.000851,0.0,0.0,9.8e-06,0.000929,0.0086,0.88476
976.0,10.246,9.66e-07,9.21e-05,8.73e-06,0.000832,0.0,0.0,9.7e-06,0.000924,0.00862,0.8642
978.0,10.225,8.06e-07,7.71e-05,8.94e-06,0.000855,0.0,0.0,9.75e-06,0.000932,0.00864,0.88787
980.0,10.204,6.87e-07,6.6e-05,9.08e-06,0.000873,0.0,0.0,9.77e-06,0.000939,0.00866,0.90534
982.0,10.183,6.86e-07,6.62e-05,9.06e-06,0.000873,0.0,0.0,9.74e-06,0.00094,0.00868,0.90586
984.0,10.163,4.87e-07,4.72e-05,9.31e-06,0.000901,0.0,0.0,9.79e-06,0.000948,0.0087,0.93423
986.0,10.142,2.77e-07,2.69e-05,9.56e-06,0.00093,0.0,0.0,9.84e-06,0.000956,0.00872,0.96316
988.0,10.121,2.31e-07,2.26e-05,9.59e-06,0.000936,0.0,0.0,9.82e-06,0.000959,0.00874,0.96933
990.0,10.101,1.68e-07,1.64e-05,9.64e-06,0.000945,0.0,0.0,9.81e-06,0.000961,0.00876,0.9779
992.0,10.081,1.03e-07,1.01e-05,9.69e-06,0.000953,0.0,0.0,9.79e-06,0.000963,0.00878,0.98657
994.0,10.06,4.52e-08,4.47e-06,9.73e-06,0.000961,0.0,0.0,9.77e-06,0.000965,0.0088,0.9941
996.0,10.04,2.22e-08,2.2e-06,9.72e-06,0.000964,0.0,0.0,9.74e-06,0.000966,0.00882,0.99708
998.0,10.02,1.43e-08,1.42e-06,9.69e-06,0.000966,0.0,0.0,9.71e-06,0.000967,0.00884,0.99808
1000.0,10.0,1.18e-08,1.18e-06,9.66e-06,0.000966,0.0,0.0,9.67e-06,0.000967,0.00886,0.99835
1002.0,9.98,1.38e-08,1.39e-06,9.62e-06,0.000966,0.0,0.0,9.64e-06,0.000968,0.00888,0.99804
1004.0,9.96,1.43e-08,1.44e-06,9.59e-06,0.000966,0.0,0.0,9.6e-06,0.000968,0.0089,0.99798
1006.0,9.94,1.51e-08,1.53e-06,9.55e-06,0.000967,0.0,0.0,9.57e-06,0.000968,0.00891,0.99787
1008.0,9.921,1.94e-08,1.97e-06,9.51e-06,0.000966,0.0,0.0,9.53e-06,0.000968,0.00893,0.99729
1010.0,9.901,2.68e-08,2.73e-06,9.46e-06,0.000965,0.0,0.0,9.49e-06,0.000968,0.00895,0.99628
1012.0,9.881,2.71e-08,2.77e-06,9.43e-06,0.000966,0.0,0.0,9.46e-06,0.000968,0.00897,0.99624
1014.0,9.862,2.71e-08,2.79e-06,9.39e-06,0.000966,0.0,0.0,9.42e-06,0.000969,0.00899,0.99624
1016.0,9.843,4.04e-08,4.17e-06,9.34e-06,0.000964,0.0,0.0,9.38e-06,0.000968,0.00901,0.99445
1018.0,9.823,5.34e-08,5.53e-06,9.29e-06,0.000963,0.0,0.0,9.34e-06,0.000968,0.00903,0.99261
1020.0,9.804,7.14e-08,7.43e-06,9.23e-06,0.00096,0.0,0.0,9.3e-06,0.000968,0.00905,0.98997
1022.0,9.785,9.83e-08,1.03e-05,9.16e-06,0.000956,0.0,0.0,9.26e-06,0.000967,0.00907,0.98604
1024.0,9.766,1.29e-07,1.36e-05,9.08e-06,0.000952,0.0,0.0,9.21e-06,0.000966,0.00908,0.98144
1026.0,9.747,1.66e-07,1.74e-05,9e-06,0.000947,0.0,0.0,9.16e-06,0.000964,0.0091,0.97595
1028.0,9.728,2.08e-07,2.19e-05,8.9e-06,0.000941,0.0,0.0,9.11e-06,0.000963,0.00912,0.96952
1030.0,9.709,2.57e-07,2.73e-05,8.8e-06,0.000933,0.0,0.0,9.05e-06,0.000961,0.00914,0.96176
1032.0,9.69,3.06e-07,3.26e-05,8.69e-06,0.000926,0.0,0.0,9e-06,0.000958,0.00916,0.954
1034.0,9.671,3.56e-07,3.81e-05,8.58e-06,0.000918,0.0,0.0,8.94e-06,0.000956,0.00917,0.94576
1036.0,9.653,4.16e-07,4.47e-05,8.46e-06,0.000908,0.0,0.0,8.88e-06,0.000953,0.00919,0.93575
1038.0,9.634,4.73e-07,5.1e-05,8.34e-06,0.000899,0.0,0.0,8.81e-06,0.00095,0.00921,0.92612
1040.0,9.615,5.21e-07,5.63e-05,8.23e-06,0.00089,0.0,0.0,8.75e-06,0.000947,0.00923,0.91759
1042.0,9.597,5.69e-07,6.17e-05,8.12e-06,0.000882,0.0,0.0,8.69e-06,0.000944,0.00924,0.9089
1044.0,9.579,6.17e-07,6.72e-05,8.01e-06,0.000873,0.0,0.0,8.63e-06,0.000941,0.00926,0.9002
1046.0,9.56,6.85e-07,7.49e-05,7.88e-06,0.000862,0.0,0.0,8.56e-06,0.000937,0.00928,0.88853
1048.0,9.542,8.31e-07,9.13e-05,7.61e-06,0.000836,0.0,0.0,8.44e-06,0.000927,0.0093,0.86169
1050.0,9.524,9.54e-07,0.000105,7.38e-06,0.000813,0.0,0.0,8.33e-06,0.000919,0.00931,0.83866
1052.0,9.506,8.51e-07,9.41e-05,7.5e-06,0.00083,0.0,0.0,8.35e-06,0.000925,0.00933,0.85634
1054.0,9.488,8.35e-07,9.28e-05,7.49e-06,0.000832,0.0,0.0,8.33e-06,0.000925,0.00935,0.85821
1056.0,9.47,8.97e-07,0.0001,7.36e-06,0.00082,0.0,0.0,8.25e-06,0.00092,0.00936,0.84629
1058.0,9.452,7.24e-07,8.1e-05,7.59e-06,0.00085,0.0,0.0,8.32e-06,0.000931,0.00938,0.87709
1060.0,9.434,5.31e-07,5.97e-05,7.85e-06,0.000882,0.0,0.0,8.38e-06,0.000942,0.0094,0.91037
1062.0,9.416,3.98e-07,4.49e-05,8.01e-06,0.000904,0.0,0.0,8.41e-06,0.000949,0.00941,0.93314
1064.0,9.398,2.59e-07,2.94e-05,8.19e-06,0.000927,0.0,0.0,8.45e-06,0.000956,0.00943,0.95698
1066.0,9.381,4.15e-07,4.71e-05,7.92e-06,0.0009,0.0,0.0,8.33e-06,0.000947,0.00945,0.92919
1068.0,9.363,7.56e-07,8.62e-05,7.36e-06,0.000839,0.0,0.0,8.11e-06,0.000925,0.00946,0.86687
1070.0,9.346,9.08e-07,0.000104,7.09e-06,0.000811,0.0,0.0,8e-06,0.000915,0.00948,0.83868
1072.0,9.328,8.93e-07,0.000103,7.07e-06,0.000813,0.0,0.0,7.96e-06,0.000915,0.00949,0.83999
1074.0,9.311,9.64e-07,0.000111,6.93e-06,0.0008,0.0,0.0,7.9e-06,0.000911,0.00951,0.82697
1076.0,9.294,1.11e-06,0.000128,6.68e-06,0.000773,0.0,0.0,7.78e-06,0.000901,0.00953,0.79952
1078.0,9.276,1e-06,0.000117,6.82e-06,0.000793,0.0,0.0,7.83e-06,0.00091,0.00954,0.82071
1080.0,9.259,1.16e-06,0.000136,6.56e-06,0.000765,0.0,0.0,7.72e-06,0.000901,0.00956,0.79193
1082.0,9.242,1.07e-06,0.000126,6.68e-06,0.000782,0.0,0.0,7.75e-06,0.000908,0.00957,0.81003
1084.0,9.225,7.89e-07,9.27e-05,7.09e-06,0.000833,0.0,0.0,7.88e-06,0.000926,0.00959,0.86366
1086.0,9.208,7.91e-07,9.33e-05,7.07e-06,0.000834,0.0,0.0,7.86e-06,0.000927,0.0096,0.86403
1088.0,9.191,6.48e-07,7.67e-05,7.25e-06,0.000858,0.0,0.0,7.89e-06,0.000935,0.00962,0.88967
1090.0,9.174,4.68e-07,5.57e-05,7.48e-06,0.000888,0.0,0.0,7.94e-06,0.000944,0.00964,0.92155
1092.0,9.158,3.2e-07,3.81e-05,7.65e-06,0.000912,0.0,0.0,7.97e-06,0.000951,0.00965,0.94722
1094.0,9.141,1.87e-07,2.24e-05,7.8e-06,0.000933,0.0,0.0,7.99e-06,0.000956,0.00967,0.9694
1096.0,9.124,1.1e-07,1.32e-05,7.87e-06,0.000945,0.0,0.0,7.98e-06,0.000958,0.00968,0.98214
1098.0,9.107,6.42e-08,7.74e-06,7.9e-06,0.000952,0.0,0.0,7.96e-06,0.00096,0.0097,0.98964
1100.0,9.091,3.2e-08,3.87e-06,7.9e-06,0.000956,0.0,0.0,7.94e-06,0.00096,0.00972,0.99486
1102.0,9.074,1.52e-08,1.84e-06,7.89e-06,0.000958,0.0,0.0,7.91e-06,0.00096,0.00973,0.99757
1104.0,9.058,6.29e-09,7.67e-07,7.87e-06,0.000959,0.0,0.0,7.88e-06,0.00096,0.00975,0.99899
1106.0,9.042,2.37e-09,2.9e-07,7.84e-06,0.000959,0.0,0.0,7.84e-06,0.00096,0.00976,0.99962
1108.0,9.025,7.28e-10,8.94e-08,7.81e-06,0.000959,0.0,0.0,7.81e-06,0.000959,0.00978,0.99988
1110.0,9.009,2.51e-10,3.1e-08,7.78e-06,0.000958,0.0,0.0,7.78e-06,0.000958,0.00979,0.99996
1112.0,8.993,1.37e-10,1.69e-08,7.75e-06,0.000958,0.0,0.0,7.75e-06,0.000958,0.00981,0.99997
1114.0,8.977,1.21e-10,1.51e-08,7.71e-06,0.000957,0.0,0.0,7.71e-06,0.000957,0.00982,0.99998
1116.0,8.961,1.1e-10,1.37e-08,7.68e-06,0.000956,0.0,0.0,7.68e-06,0.000957,0.00984,0.99998
1118.0,8.945,1e-10,1.25e-08,7.65e-06,0.000956,0.0,0.0,7.65e-06,0.000956,0.00986,0.99998
1120.0,8.929,9.17e-11,1.15e-08,7.61e-06,0.000955,0.0,0.0,7.61e-06,0.000955,0.00987,0.99998
1122.0,8.913,8.55e-11,1.08e-08,7.58e-06,0.000954,0.0,0.0,7.58e-06,0.000954,0.00989,0.99998
1124.0,8.897,8.06e-11,1.02e-08,7.55e-06,0.000954,0.0,0.0,7.55e-06,0.000954,0.0099,0.99998
1126.0,8.881,7.58e-11,9.61e-09,7.52e-06,0.000953,0.0,0.0,7.52e-06,0.000953,0.00992,0.99998
1128.0,8.865,7.11e-11,9.04e-09,7.48e-06,0.000952,0.0,0.0,7.48e-06,0.000952,0.00993,0.99999
1130.0,8.85,6.69e-11,8.54e-09,7.45e-06,0.000952,0.0,0.0,7.45e-06,0.000952,0.00995,0.99999
1132.0,8.834,6.39e-11,8.18e-09,7.42e-06,0.000951,0.0,0.0,7.42e-06,0.000951,0.00996,0.99999
1134.0,8.818,6.14e-11,7.89e-09,7.39e-06,0.00095,0.0,0.0,7.39e-06,0.00095,0.00998,0.99999
1136.0,8.803,5.88e-11,7.59e-09,7.36e-06,0.000949,0.0,0.0,7.36e-06,0.000949,0.00999,0.99999
1138.0,8.787,5.62e-11,7.28e-09,7.32e-06,0.000948,0.0,0.0,7.32e-06,0.000948,0.01,0.99999
1140.0,8.772,5.39e-11,7e-09,7.29e-06,0.000948,0.0,0.0,7.29e-06,0.000948,0.01,0.99999
1142.0,8.757,5.22e-11,6.8e-09,7.26e-06,0.000947,0.0,0.0,7.26e-06,0.000947,0.01,0.99999
1144.0,8.741,5.07e-11,6.63e-09,7.23e-06,0.000946,0.0,0.0,7.23e-06,0.000946,0.01,0.99999
1146.0,8.726,4.91e-11,6.44e-09,7.2e-06,0.000945,0.0,0.0,7.2e-06,0.000945,0.0101,0.99999
1148.0,8.711,4.73e-11,6.23e-09,7.16e-06,0.000944,0.0,0.0,7.16e-06,0.000944,0.0101,0.99999
1150.0,8.696,4.57e-11,6.04e-09,7.13e-06,0.000943,0.0,0.0,7.13e-06,0.000943,0.0101,0.99999
1152.0,8.681,4.45e-11,5.9e-09,7.1e-06,0.000942,0.0,0.0,7.1e-06,0.000942,0.0101,0.99999
1154.0,8.666,4.34e-11,5.78e-09,7.07e-06,0.000942,0.0,0.0,7.07e-06,0.000942,0.0101,0.99999
1156.0,8.651,4.23e-11,5.66e-09,7.04e-06,0.000941,0.0,0.0,7.04e-06,0.000941,0.0101,0.99999
1158.0,8.636,4.1e-11,5.5e-09,7.01e-06,0.00094,0.0,0.0,7.01e-06,0.00094,0.0101,0.99999
1160.0,8.621,3.97e-11,5.35e-09,6.98e-06,0.000939,0.0,0.0,6.98e-06,0.000939,0.0102,0.99999
1162.0,8.606,3.88e-11,5.24e-09,6.95e-06,0.000938,0.0,0.0,6.95e-06,0.000938,0.0102,0.99999
1164.0,8.591,3.8e-11,5.15e-09,6.91e-06,0.000937,0.0,0.0,6.91e-06,0.000937,0.0102,0.99999
1166.0,8.576,3.71e-11,5.04e-09,6.88e-06,0.000936,0.0,0.0,6.88e-06,0.000936,0.0102,0.99999
1168.0,8.562,3.61e-11,4.92e-09,6.85e-06,0.000935,0.0,0.0,6.85e-06,0.000935,0.0102,0.99999
1170.0,8.547,3.52e-11,4.81e-09,6.82e-06,0.000934,0.0,0.0,6.82e-06,0.000934,0.0102,0.99999
1172.0,8.532,3.44e-11,4.73e-09,6.79e-06,0.000933,0.0,0.0,6.79e-06,0.000933,0.0102,0.99999
1174.0,8.518,3.35e-11,4.62e-09,6.76e-06,0.000932,0.0,0.0,6.76e-06,0.000932,0.0103,0.99999
1176.0,8.503,3.27e-11,4.53e-09,6.73e-06,0.000931,0.0,0.0,6.73e-06,0.000931,0.0103,0.99999
1178.0,8.489,3.22e-11,4.47e-09,6.7e-06,0.00093,0.0,0.0,6.7e-06,0.00093,0.0103,0.99999
1180.0,8.475,3.16e-11,4.4e-09,6.67e-06,0.000929,0.0,0.0,6.67e-06,0.000929,0.0103,0.99999
1182.0,8.46,3.09e-11,4.32e-09,6.64e-06,0.000927,0.0,0.0,6.64e-06,0.000927,0.0103,0.99999
1184.0,8.446,3.02e-11,4.24e-09,6.61e-06,0.000926,0.0,0.0,6.61e-06,0.000926,0.0103,0.99999
1186.0,8.432,2.96e-11,4.16e-09,6.58e-06,0.000925,0.0,0.0,6.58e-06,0.000925,0.0103,0.99999
1188.0,8.418,2.91e-11,4.1e-09,6.55e-06,0.000924,0.0,0.0,6.55e-06,0.000924,0.0104,0.99999
1190.0,8.403,2.86e-11,4.05e-09,6.52e-06,0.000923,0.0,0.0,6.52e-06,0.000923,0.0104,0.99999
1192.0,8.389,2.81e-11,4e-09,6.49e-06,0.000922,0.0,0.0,6.49e-06,0.000922,0.0104,0.99999
1194.0,8.375,2.76e-11,3.94e-09,6.46e-06,0.000921,0.0,0.0,6.46e-06,0.000921,0.0104,0.99999
1196.0,8.361,2.71e-11,3.88e-09,6.43e-06,0.00092,0.0,0.0,6.43e-06,0.00092,0.0104,0.99999
1198.0,8.347,2.69e-11,3.86e-09,6.4e-06,0.000918,0.0,0.0,6.4e-06,0.000918,0.0104,0.99999
1200.0,8.333,2.67e-11,3.84e-09,6.37e-06,0.000917,0.0,0.0,6.37e-06,0.000917,0.0104,0.99999
1202.0,8.319,2.64e-11,3.82e-09,6.34e-06,0.000916,0.0,0.0,6.34e-06,0.000916,0.0104,0.99999
1204.0,8.306,2.63e-11,3.82e-09,6.31e-06,0.000915,0.0,0.0,6.31e-06,0.000915,0.0105,0.99999
1206.0,8.292,2.71e-11,3.94e-09,6.28e-06,0.000914,0.0,0.0,6.28e-06,0.000914,0.0105,0.99999
1208.0,8.278,1.07e-10,1.56e-08,6.25e-06,0.000912,0.0,0.0,6.25e-06,0.000912,0.0105,0.99997
1210.0,8.264,4.8e-10,7.03e-08,6.22e-06,0.000911,0.0,0.0,6.22e-06,0.000911,0.0105,0.99988
1212.0,8.251,9.35e-10,1.37e-07,6.19e-06,0.00091,0.0,0.0,6.19e-06,0.00091,0.0105,0.99977
1214.0,8.237,1.41e-09,2.07e-07,6.16e-06,0.000908,0.0,0.0,6.16e-06,0.000908,0.0105,0.99965
1216.0,8.224,1.99e-09,2.95e-07,6.13e-06,0.000907,0.0,0.0,6.14e-06,0.000907,0.0105,0.99949
1218.0,8.21,2.7e-09,4e-07,6.1e-06,0.000905,0.0,0.0,6.11e-06,0.000906,0.0105,0.9993
1220.0,8.197,3.62e-09,5.39e-07,6.07e-06,0.000904,0.0,0.0,6.08e-06,0.000904,0.0106,0.99904
1222.0,8.183,4.46e-09,6.67e-07,6.04e-06,0.000902,0.0,0.0,6.05e-06,0.000903,0.0106,0.99877
1224.0,8.17,5.64e-09,8.44e-07,6.01e-06,0.000901,0.0,0.0,6.02e-06,0.000902,0.0106,0.99841
1226.0,8.157,7.36e-09,1.11e-06,5.98e-06,0.000899,0.0,0.0,5.99e-06,0.0009,0.0106,0.99789
1228.0,8.143,9.54e-09,1.44e-06,5.95e-06,0.000897,0.0,0.0,5.96e-06,0.000898,0.0106,0.99721
1230.0,8.13,1.25e-08,1.89e-06,5.91e-06,0.000895,0.0,0.0,5.93e-06,0.000897,0.0106,0.99624
1232.0,8.117,1.59e-08,2.41e-06,5.88e-06,0.000892,0.0,0.0,5.9e-06,0.000895,0.0106,0.99507
1234.0,8.104,1.93e-08,2.94e-06,5.84e-06,0.00089,0.0,0.0,5.86e-06,0.000893,0.0106,0.99382
1236.0,8.091,2.34e-08,3.58e-06,5.81e-06,0.000887,0.0,0.0,5.83e-06,0.000891,0.0106,0.99226
1238.0,8.078,3e-08,4.6e-06,5.76e-06,0.000884,0.0,0.0,5.79e-06,0.000888,0.0107,0.98973
1240.0,8.065,3.35e-08,5.15e-06,5.73e-06,0.000881,0.0,0.0,5.76e-06,0.000886,0.0107,0.98825
1242.0,8.052,3.89e-08,6e-06,5.69e-06,0.000877,0.0,0.0,5.73e-06,0.000883,0.0107,0.986
1244.0,8.039,4.37e-08,6.76e-06,5.65e-06,0.000874,0.0,0.0,5.69e-06,0.000881,0.0107,0.98394
1246.0,8.026,4.69e-08,7.27e-06,5.61e-06,0.000871,0.0,0.0,5.66e-06,0.000879,0.0107,0.98241
1248.0,8.013,4.8e-08,7.47e-06,5.58e-06,0.000869,0.0,0.0,5.63e-06,0.000877,0.0107,0.98164
1250.0,8.0,4.64e-08,7.25e-06,5.56e-06,0.000868,0.0,0.0,5.6e-06,0.000876,0.0107,0.98197
1252.0,7.987,4.22e-08,6.62e-06,5.54e-06,0.000868,0.0,0.0,5.58e-06,0.000875,0.0107,0.98335
1254.0,7.974,3.68e-08,5.78e-06,5.52e-06,0.000868,0.0,0.0,5.56e-06,0.000874,0.0107,0.98532
1256.0,7.962,2.73e-08,4.31e-06,5.52e-06,0.00087,0.0,0.0,5.54e-06,0.000875,0.0108,0.98907
1258.0,7.949,1.42e-08,2.24e-06,5.52e-06,0.000874,0.0,0.0,5.53e-06,0.000876,0.0108,0.99447
1260.0,7.937,1.14e-08,1.82e-06,5.5e-06,0.000873,0.0,0.0,5.51e-06,0.000875,0.0108,0.9955
1262.0,7.924,1.96e-08,3.13e-06,5.45e-06,0.000868,0.0,0.0,5.47e-06,0.000872,0.0108,0.99195
1264.0,7.911,2.93e-08,4.68e-06,5.4e-06,0.000863,0.0,0.0,5.43e-06,0.000868,0.0108,0.98781
1266.0,7.899,3.69e-08,5.92e-06,5.36e-06,0.000859,0.0,0.0,5.4e-06,0.000865,0.0108,0.98457
1268.0,7.886,4.54e-08,7.3e-06,5.31e-06,0.000854,0.0,0.0,5.36e-06,0.000862,0.0108,0.98098
1270.0,7.874,4.73e-08,7.64e-06,5.28e-06,0.000852,0.0,0.0,5.33e-06,0.00086,0.0108,0.98021
1272.0,7.862,4.38e-08,7.09e-06,5.27e-06,0.000852,0.0,0.0,5.31e-06,0.000859,0.0108,0.98189
1274.0,7.849,4.23e-08,6.87e-06,5.25e-06,0.000851,0.0,0.0,5.29e-06,0.000858,0.0109,0.98265
1276.0,7.837,3.98e-08,6.48e-06,5.23e-06,0.000851,0.0,0.0,5.27e-06,0.000857,0.0109,0.98388
1278.0,7.825,3.6e-08,5.88e-06,5.21e-06,0.000851,0.0,0.0,5.25e-06,0.000857,0.0109,0.98561
1280.0,7.813,3.31e-08,5.42e-06,5.19e-06,0.00085,0.0,0.0,5.22e-06,0.000856,0.0109,0.98695
1282.0,7.8,2.57e-08,4.22e-06,5.18e-06,0.000852,0.0,0.0,5.21e-06,0.000856,0.0109,0.99005
1284.0,7.788,2.09e-08,3.44e-06,5.17e-06,0.000852,0.0,0.0,5.19e-06,0.000855,0.0109,0.99204
1286.0,7.776,1.66e-08,2.74e-06,5.15e-06,0.000852,0.0,0.0,5.17e-06,0.000854,0.0109,0.99377
1288.0,7.764,1.33e-08,2.21e-06,5.13e-06,0.000851,0.0,0.0,5.14e-06,0.000853,0.0109,0.99506
1290.0,7.752,9.19e-09,1.53e-06,5.11e-06,0.000851,0.0,0.0,5.12e-06,0.000853,0.0109,0.99664
1292.0,7.74,6.77e-09,1.13e-06,5.09e-06,0.00085,0.0,0.0,5.1e-06,0.000851,0.011,0.99755
1294.0,7.728,5.11e-09,8.56e-07,5.07e-06,0.000849,0.0,0.0,5.08e-06,0.00085,0.011,0.99817
1296.0,7.716,3.4e-09,5.7e-07,5.05e-06,0.000848,0.0,0.0,5.05e-06,0.000849,0.011,0.9988
1298.0,7.704,2.42e-09,4.07e-07,5.03e-06,0.000847,0.0,0.0,5.03e-06,0.000847,0.011,0.99916
1300.0,7.692,1.6e-09,2.7e-07,5e-06,0.000845,0.0,0.0,5e-06,0.000846,0.011,0.99945
1302.0,7.68,1.07e-09,1.81e-07,4.98e-06,0.000844,0.0,0.0,4.98e-06,0.000844,0.011,0.99964
1304.0,7.669,6.94e-10,1.18e-07,4.95e-06,0.000842,0.0,0.0,4.95e-06,0.000842,0.011,0.99977
1306.0,7.657,3e-10,5.12e-08,4.93e-06,0.000841,0.0,0.0,4.93e-06,0.000841,0.011,0.9999
1308.0,7.645,5.87e-11,1e-08,4.91e-06,0.000839,0.0,0.0,4.91e-06,0.000839,0.011,0.99998
1310.0,7.634,1.52e-11,2.6e-09,4.88e-06,0.000838,0.0,0.0,4.88e-06,0.000838,0.011,0.99999
1312.0,7.622,1.45e-11,2.5e-09,4.86e-06,0.000836,0.0,0.0,4.86e-06,0.000836,0.011,0.99999
1314.0,7.61,1.53e-11,2.63e-09,4.83e-06,0.000834,0.0,0.0,4.83e-06,0.000834,0.0111,0.99999
1316.0,7.599,8.44e-11,1.46e-08,4.81e-06,0.000832,0.0,0.0,4.81e-06,0.000833,0.0111,0.99997
1318.0,7.587,2.73e-10,4.74e-08,4.78e-06,0.000831,0.0,0.0,4.78e-06,0.000831,0.0111,0.99989
1320.0,7.576,4.11e-10,7.16e-08,4.76e-06,0.000829,0.0,0.0,4.76e-06,0.000829,0.0111,0.99983
1322.0,7.564,6.41e-10,1.12e-07,4.73e-06,0.000827,0.0,0.0,4.73e-06,0.000827,0.0111,0.99974
1324.0,7.553,9.53e-10,1.67e-07,4.71e-06,0.000825,0.0,0.0,4.71e-06,0.000826,0.0111,0.99962
1326.0,7.541,1.36e-09,2.4e-07,4.68e-06,0.000824,0.0,0.0,4.69e-06,0.000824,0.0111,0.99946
1328.0,7.53,1.92e-09,3.39e-07,4.66e-06,0.000822,0.0,0.0,4.66e-06,0.000822,0.0111,0.99925
1330.0,7.519,2.62e-09,4.64e-07,4.63e-06,0.00082,0.0,0.0,4.64e-06,0.00082,0.0111,0.99896
1332.0,7.508,3.61e-09,6.41e-07,4.61e-06,0.000818,0.0,0.0,4.61e-06,0.000818,0.0111,0.99854
1334.0,7.496,4.81e-09,8.56e-07,4.58e-06,0.000816,0.0,0.0,4.59e-06,0.000816,0.0112,0.99804
1336.0,7.485,7.24e-09,1.29e-06,4.55e-06,0.000813,0.0,0.0,4.56e-06,0.000814,0.0112,0.99701
1338.0,7.474,9.51e-09,1.7e-06,4.53e-06,0.00081,0.0,0.0,4.54e-06,0.000812,0.0112,0.99601
1340.0,7.463,1.21e-08,2.17e-06,4.5e-06,0.000808,0.0,0.0,4.51e-06,0.00081,0.0112,0.99481
1342.0,7.452,1.69e-08,3.05e-06,4.46e-06,0.000804,0.0,0.0,4.48e-06,0.000807,0.0112,0.99247
1344.0,7.44,2.21e-08,3.99e-06,4.43e-06,0.0008,0.0,0.0,4.45e-06,0.000804,0.0112,0.98985
1346.0,7.429,2.56e-08,4.63e-06,4.4e-06,0.000797,0.0,0.0,4.42e-06,0.000802,0.0112,0.98788
1348.0,7.418,2.99e-08,5.43e-06,4.36e-06,0.000793,0.0,0.0,4.39e-06,0.000799,0.0112,0.98542
1350.0,7.407,3.39e-08,6.19e-06,4.33e-06,0.000789,0.0,0.0,4.37e-06,0.000796,0.0112,0.98303
1352.0,7.396,3.93e-08,7.18e-06,4.3e-06,0.000785,0.0,0.0,4.33e-06,0.000792,0.0112,0.97977
1354.0,7.386,3.81e-08,6.98e-06,4.27e-06,0.000784,0.0,0.0,4.31e-06,0.000791,0.0112,0.98002
1356.0,7.375,3.76e-08,6.92e-06,4.25e-06,0.000782,0.0,0.0,4.29e-06,0.000789,0.0113,0.9799
1358.0,7.364,3.51e-08,6.47e-06,4.23e-06,0.000781,0.0,0.0,4.27e-06,0.000787,0.0113,0.98101
1360.0,7.353,3.15e-08,5.83e-06,4.22e-06,0.00078,0.0,0.0,4.25e-06,0.000786,0.0113,0.98266
1362.0,7.342,2.21e-08,4.1e-06,4.22e-06,0.000783,0.0,0.0,4.24e-06,0.000787,0.0113,0.98784
1364.0,7.331,1.35e-08,2.51e-06,4.22e-06,0.000785,0.0,0.0,4.23e-06,0.000787,0.0113,0.9927
1366.0,7.321,9.39e-09,1.75e-06,4.21e-06,0.000785,0.0,0.0,4.22e-06,0.000787,0.0113,0.99501
1368.0,7.31,1.48e-08,2.76e-06,4.17e-06,0.000781,0.0,0.0,4.19e-06,0.000783,0.0113,0.99188
1370.0,7.299,2.33e-08,4.37e-06,4.13e-06,0.000775,0.0,0.0,4.15e-06,0.000779,0.0113,0.98689
1372.0,7.289,3.04e-08,5.72e-06,4.09e-06,0.00077,0.0,0.0,4.12e-06,0.000776,0.0113,0.98284
1374.0,7.278,3.74e-08,7.07e-06,4.05e-06,0.000765,0.0,0.0,4.09e-06,0.000772,0.0113,0.97873
1376.0,7.267,3.78e-08,7.16e-06,4.03e-06,0.000763,0.0,0.0,4.07e-06,0.00077,0.0113,0.97866
1378.0,7.257,3.86e-08,7.32e-06,4.01e-06,0.000761,0.0,0.0,4.05e-06,0.000768,0.0113,0.97832
1380.0,7.246,3.76e-08,7.16e-06,3.99e-06,0.00076,0.0,0.0,4.03e-06,0.000767,0.0114,0.979
1382.0,7.236,3.51e-08,6.69e-06,3.97e-06,0.000759,0.0,0.0,4.01e-06,0.000766,0.0114,0.98059
1384.0,7.225,3.13e-08,5.99e-06,3.96e-06,0.000759,0.0,0.0,3.99e-06,0.000765,0.0114,0.98285
1386.0,7.215,2.67e-08,5.13e-06,3.95e-06,0.000759,0.0,0.0,3.98e-06,0.000764,0.0114,0.98551
1388.0,7.205,2.15e-08,4.14e-06,3.94e-06,0.00076,0.0,0.0,3.97e-06,0.000764,0.0114,0.98852
1390.0,7.194,1.8e-08,3.47e-06,3.93e-06,0.00076,0.0,0.0,3.95e-06,0.000763,0.0114,0.99061
1392.0,7.184,1.62e-08,3.14e-06,3.91e-06,0.000759,0.0,0.0,3.93e-06,0.000762,0.0114,0.99167
1394.0,7.174,1.35e-08,2.63e-06,3.9e-06,0.000758,0.0,0.0,3.91e-06,0.00076,0.0114,0.99319
1396.0,7.163,1.12e-08,2.19e-06,3.88e-06,0.000757,0.0,0.0,3.9e-06,0.000759,0.0114,0.99448
1398.0,7.153,9.43e-09,1.84e-06,3.87e-06,0.000756,0.0,0.0,3.88e-06,0.000758,0.0114,0.99547
1400.0,7.143,8.04e-09,1.58e-06,3.85e-06,0.000755,0.0,0.0,3.86e-06,0.000756,0.0114,0.99622
1402.0,7.133,6.65e-09,1.31e-06,3.83e-06,0.000753,0.0,0.0,3.84e-06,0.000755,0.0114,0.99692
1404.0,7.123,5.79e-09,1.14e-06,3.81e-06,0.000752,0.0,0.0,3.82e-06,0.000753,0.0114,0.99734
1406.0,7.112,5.17e-09,1.02e-06,3.79e-06,0.00075,0.0,0.0,3.8e-06,0.000751,0.0115,0.99764
1408.0,7.102,4.88e-09,9.68e-07,3.77e-06,0.000748,0.0,0.0,3.78e-06,0.000749,0.0115,0.9978
1410.0,7.092,5e-09,9.93e-07,3.75e-06,0.000746,0.0,0.0,3.76e-06,0.000747,0.0115,0.99779
1412.0,7.082,5.47e-09,1.09e-06,3.73e-06,0.000744,0.0,0.0,3.74e-06,0.000745,0.0115,0.9976
1414.0,7.072,6.12e-09,1.22e-06,3.71e-06,0.000742,0.0,0.0,3.72e-06,0.000744,0.0115,0.99731
1416.0,7.062,7.51e-09,1.51e-06,3.69e-06,0.00074,0.0,0.0,3.7e-06,0.000741,0.0115,0.99668
1418.0,7.052,9.4e-09,1.89e-06,3.67e-06,0.000737,0.0,0.0,3.68e-06,0.000739,0.0115,0.99582
1420.0,7.042,1.19e-08,2.39e-06,3.64e-06,0.000735,0.0,0.0,3.66e-06,0.000737,0.0115,0.99469
1422.0,7.032,1.54e-08,3.12e-06,3.62e-06,0.000732,0.0,0.0,3.63e-06,0.000735,0.0115,0.99305
1424.0,7.022,1.98e-08,4.02e-06,3.59e-06,0.000728,0.0,0.0,3.61e-06,0.000732,0.0115,0.991
1426.0,7.013,2.61e-08,5.31e-06,3.56e-06,0.000724,0.0,0.0,3.59e-06,0.000729,0.0115,0.98806
1428.0,7.003,3.42e-08,6.98e-06,3.53e-06,0.00072,0.0,0.0,3.56e-06,0.000726,0.0115,0.98426
1430.0,6.993,4.42e-08,9.05e-06,3.49e-06,0.000714,0.0,0.0,3.54e-06,0.000723,0.0115,0.97952
1432.0,6.983,5.87e-08,1.2e-05,3.45e-06,0.000707,0.0,0.0,3.51e-06,0.000719,0.0115,0.97263
1434.0,6.974,7.43e-08,1.53e-05,3.4e-06,0.0007,0.0,0.0,3.48e-06,0.000715,0.0116,0.96516
1436.0,6.964,8.61e-08,1.78e-05,3.37e-06,0.000694,0.0,0.0,3.45e-06,0.000712,0.0116,0.95954
1438.0,6.954,9.44e-08,1.95e-05,3.33e-06,0.000689,0.0,0.0,3.43e-06,0.000709,0.0116,0.95571
1440.0,6.944,1.02e-07,2.12e-05,3.3e-06,0.000685,0.0,0.0,3.41e-06,0.000706,0.0116,0.95216
1442.0,6.935,1.09e-07,2.27e-05,3.27e-06,0.000681,0.0,0.0,3.38e-06,0.000704,0.0116,0.94874
1444.0,6.925,1.16e-07,2.43e-05,3.24e-06,0.000677,0.0,0.0,3.36e-06,0.000701,0.0116,0.94534
1446.0,6.916,1.23e-07,2.58e-05,3.22e-06,0.000672,0.0,0.0,3.34e-06,0.000698,0.0116,0.94207
1448.0,6.906,1.3e-07,2.72e-05,3.19e-06,0.000668,0.0,0.0,3.32e-06,0.000696,0.0116,0.93892
1450.0,6.897,1.36e-07,2.86e-05,3.16e-06,0.000664,0.0,0.0,3.3e-06,0.000693,0.0116,0.93574
1452.0,6.887,1.42e-07,3e-05,3.13e-06,0.00066,0.0,0.0,3.27e-06,0.00069,0.0116,0.93253
1454.0,6.878,1.49e-07,3.14e-05,3.1e-06,0.000656,0.0,0.0,3.25e-06,0.000688,0.0116,0.92928
1456.0,6.868,1.55e-07,3.29e-05,3.07e-06,0.000652,0.0,0.0,3.23e-06,0.000685,0.0116,0.92561
1458.0,6.859,1.62e-07,3.44e-05,3.04e-06,0.000647,0.0,0.0,3.21e-06,0.000682,0.0116,0.92153
1460.0,6.849,1.68e-07,3.59e-05,3.01e-06,0.000643,0.0,0.0,3.18e-06,0.000678,0.0116,0.91752
1462.0,6.84,1.75e-07,3.74e-05,2.98e-06,0.000638,0.0,0.0,3.16e-06,0.000675,0.0116,0.91337
1464.0,6.831,1.81e-07,3.88e-05,2.95e-06,0.000633,0.0,0.0,3.14e-06,0.000672,0.0117,0.90919
1466.0,6.821,1.87e-07,4.01e-05,2.93e-06,0.000629,0.0,0.0,3.11e-06,0.000669,0.0117,0.90546
1468.0,6.812,1.92e-07,4.13e-05,2.9e-06,0.000625,0.0,0.0,3.09e-06,0.000666,0.0117,0.9021
1470.0,6.803,1.96e-07,4.24e-05,2.87e-06,0.000621,0.0,0.0,3.07e-06,0.000663,0.0117,0.89875
1472.0,6.793,2.01e-07,4.36e-05,2.85e-06,0.000617,0.0,0.0,3.05e-06,0.00066,0.0117,0.89567
1474.0,6.784,2.06e-07,4.48e-05,2.82e-06,0.000613,0.0,0.0,3.03e-06,0.000658,0.0117,0.8925
1476.0,6.775,2.12e-07,4.63e-05,2.79e-06,0.000609,0.0,0.0,3.01e-06,0.000655,0.0117,0.88891
1478.0,6.766,2.19e-07,4.78e-05,2.77e-06,0.000604,0.0,0.0,2.99e-06,0.000652,0.0117,0.88495
1480.0,6.757,2.24e-07,4.91e-05,2.74e-06,0.0006,0.0,0.0,2.96e-06,0.000649,0.0117,0.88135
1482.0,6.748,2.26e-07,4.96e-05,2.72e-06,0.000597,0.0,0.0,2.94e-06,0.000646,0.0117,0.87877
1484.0,6.739,2.25e-07,4.96e-05,2.7e-06,0.000594,0.0,0.0,2.92e-06,0.000643,0.0117,0.87691
1486.0,6.729,2.24e-07,4.95e-05,2.68e-06,0.000591,0.0,0.0,2.9e-06,0.00064,0.0117,0.87516
1488.0,6.72,2.23e-07,4.94e-05,2.66e-06,0.000588,0.0,0.0,2.88e-06,0.000637,0.0117,0.87338
1490.0,6.711,2.24e-07,4.97e-05,2.63e-06,0.000585,0.0,0.0,2.86e-06,0.000634,0.0117,0.87118
1492.0,6.702,2.28e-07,5.08e-05,2.61e-06,0.000581,0.0,0.0,2.84e-06,0.000632,0.0117,0.86786
1494.0,6.693,2.34e-07,5.23e-05,2.58e-06,0.000576,0.0,0.0,2.82e-06,0.000629,0.0117,0.86392
1496.0,6.684,2.4e-07,5.36e-05,2.56e-06,0.000572,0.0,0.0,2.8e-06,0.000626,0.0117,0.86025
1498.0,6.676,2.45e-07,5.49e-05,2.53e-06,0.000568,0.0,0.0,2.78e-06,0.000623,0.0118,0.85684
1500.0,6.667,2.49e-07,5.61e-05,2.51e-06,0.000565,0.0,0.0,2.76e-06,0.000621,0.0118,0.8536
1502.0,6.658,2.52e-07,5.68e-05,2.49e-06,0.000561,0.0,0.0,2.74e-06,0.000618,0.0118,0.85129
1504.0,6.649,2.54e-07,5.74e-05,2.47e-06,0.000558,0.0,0.0,2.72e-06,0.000616,0.0118,0.84934
1506.0,6.64,2.56e-07,5.8e-05,2.45e-06,0.000555,0.0,0.0,2.7e-06,0.000613,0.0118,0.84721
1508.0,6.631,2.57e-07,5.86e-05,2.43e-06,0.000553,0.0,0.0,2.69e-06,0.000611,0.0118,0.84535
1510.0,6.623,2.6e-07,5.92e-05,2.41e-06,0.000549,0.0,0.0,2.67e-06,0.000609,0.0118,0.84302
1512.0,6.614,2.64e-07,6.03e-05,2.38e-06,0.000545,0.0,0.0,2.65e-06,0.000605,0.0118,0.83874
1514.0,6.605,2.69e-07,6.16e-05,2.36e-06,0.00054,0.0,0.0,2.63e-06,0.000602,0.0118,0.83374
1516.0,6.596,2.74e-07,6.29e-05,2.33e-06,0.000535,0.0,0.0,2.6e-06,0.000598,0.0118,0.82854
1518.0,6.588,2.79e-07,6.43e-05,2.3e-06,0.00053,0.0,0.0,2.58e-06,0.000594,0.0118,0.82295
1520.0,6.579,2.84e-07,6.56e-05,2.27e-06,0.000525,0.0,0.0,2.56e-06,0.00059,0.0118,0.81743
1522.0,6.57,2.89e-07,6.69e-05,2.24e-06,0.00052,0.0,0.0,2.53e-06,0.000587,0.0118,0.81181
1524.0,6.562,2.94e-07,6.83e-05,2.21e-06,0.000514,0.0,0.0,2.51e-06,0.000583,0.0118,0.80584
1526.0,6.553,3e-07,6.99e-05,2.18e-06,0.000509,0.0,0.0,2.49e-06,0.000579,0.0118,0.79982
1528.0,6.545,3.08e-07,7.18e-05,2.16e-06,0.000503,0.0,0.0,2.46e-06,0.000575,0.0118,0.79369
1530.0,6.536,3.16e-07,7.4e-05,2.12e-06,0.000497,0.0,0.0,2.44e-06,0.000571,0.0118,0.78659
1532.0,6.527,3.28e-07,7.7e-05,2.09e-06,0.00049,0.0,0.0,2.42e-06,0.000567,0.0118,0.77764
1534.0,6.519,3.41e-07,8.02e-05,2.05e-06,0.000482,0.0,0.0,2.39e-06,0.000563,0.0118,0.76776
1536.0,6.51,3.53e-07,8.34e-05,2.01e-06,0.000475,0.0,0.0,2.37e-06,0.000558,0.0119,0.75793
1538.0,6.502,3.65e-07,8.64e-05,1.98e-06,0.000467,0.0,0.0,2.34e-06,0.000554,0.0119,0.74822
1540.0,6.494,3.76e-07,8.91e-05,1.94e-06,0.000461,0.0,0.0,2.32e-06,0.00055,0.0119,0.73972
1542.0,6.485,3.81e-07,9.06e-05,1.92e-06,0.000456,0.0,0.0,2.3e-06,0.000546,0.0119,0.73432
1544.0,6.477,3.85e-07,9.17e-05,1.9e-06,0.000452,0.0,0.0,2.28e-06,0.000544,0.0119,0.73029
1546.0,6.468,3.88e-07,9.28e-05,1.87e-06,0.000448,0.0,0.0,2.26e-06,0.000541,0.0119,0.72623
1548.0,6.46,3.92e-07,9.39e-05,1.85e-06,0.000444,0.0,0.0,2.24e-06,0.000538,0.0119,0.72209
1550.0,6.452,3.95e-07,9.48e-05,1.83e-06,0.00044,0.0,0.0,2.23e-06,0.000535,0.0119,0.71831
1552.0,6.443,3.96e-07,9.55e-05,1.81e-06,0.000437,0.0,0.0,2.21e-06,0.000532,0.0119,0.71529
1554.0,6.435,3.97e-07,9.59e-05,1.8e-06,0.000434,0.0,0.0,2.19e-06,0.00053,0.0119,0.71279
1556.0,6.427,3.92e-07,9.48e-05,1.79e-06,0.000434,0.0,0.0,2.18e-06,0.000529,0.0119,0.71492
1558.0,6.418,3.8e-07,9.23e-05,1.8e-06,0.000437,0.0,0.0,2.18e-06,0.000529,0.0119,0.72177
1560.0,6.41,3.69e-07,8.98e-05,1.81e-06,0.000439,0.0,0.0,2.17e-06,0.000529,0.0119,0.72838
1562.0,6.402,3.59e-07,8.76e-05,1.81e-06,0.000441,0.0,0.0,2.17e-06,0.000529,0.0119,0.73379
1564.0,6.394,3.5e-07,8.55e-05,1.81e-06,0.000443,0.0,0.0,2.16e-06,0.000528,0.0119,0.73881
1566.0,6.386,3.4e-07,8.34e-05,1.81e-06,0.000445,0.0,0.0,2.15e-06,0.000528,0.0119,0.74405
1568.0,6.378,3.31e-07,8.14e-05,1.82e-06,0.000446,0.0,0.0,2.15e-06,0.000528,0.0119,0.74947
1570.0,6.369,3.22e-07,7.94e-05,1.82e-06,0.000448,0.0,0.0,2.14e-06,0.000527,0.0119,0.75464
1572.0,6.361,3.14e-07,7.77e-05,1.82e-06,0.000449,0.0,0.0,2.13e-06,0.000527,0.0119,0.75934
1574.0,6.353,3.08e-07,7.62e-05,1.82e-06,0.00045,0.0,0.0,2.13e-06,0.000527,0.0119,0.76374
1576.0,6.345,3.02e-07,7.5e-05,1.82e-06,0.000451,0.0,0.0,2.12e-06,0.000526,0.0119,0.76702
1578.0,6.337,2.98e-07,7.41e-05,1.81e-06,0.000451,0.0,0.0,2.11e-06,0.000525,0.0119,0.76924
1580.0,6.329,2.94e-07,7.33e-05,1.8e-06,0.00045,0.0,0.0,2.1e-06,0.000524,0.0119,0.77138
1582.0,6.321,2.89e-07,7.23e-05,1.8e-06,0.00045,0.0,0.0,2.09e-06,0.000523,0.012,0.77386
1584.0,6.313,2.84e-07,7.13e-05,1.8e-06,0.000451,0.0,0.0,2.08e-06,0.000522,0.012,0.77691
1586.0,6.305,2.8e-07,7.03e-05,1.79e-06,0.000451,0.0,0.0,2.07e-06,0.000521,0.012,0.77953
1588.0,6.297,2.76e-07,6.95e-05,1.79e-06,0.000451,0.0,0.0,2.06e-06,0.00052,0.012,0.78171
1590.0,6.289,2.72e-07,6.88e-05,1.78e-06,0.00045,0.0,0.0,2.05e-06,0.000519,0.012,0.78337
1592.0,6.281,2.7e-07,6.84e-05,1.77e-06,0.000449,0.0,0.0,2.04e-06,0.000517,0.012,0.78356
1594.0,6.274,2.68e-07,6.81e-05,1.76e-06,0.000447,0.0,0.0,2.03e-06,0.000515,0.012,0.78359
1596.0,6.266,2.66e-07,6.77e-05,1.75e-06,0.000446,0.0,0.0,2.02e-06,0.000514,0.012,0.7839
1598.0,6.258,2.64e-07,6.74e-05,1.74e-06,0.000444,0.0,0.0,2e-06,0.000512,0.012,0.78389
1600.0,6.25,2.62e-07,6.7e-05,1.73e-06,0.000443,0.0,0.0,1.99e-06,0.00051,0.012,0.7841
1602.0,6.242,2.59e-07,6.65e-05,1.72e-06,0.000442,0.0,0.0,1.98e-06,0.000508,0.012,0.78469
1604.0,6.234,2.56e-07,6.6e-05,1.71e-06,0.000441,0.0,0.0,1.97e-06,0.000507,0.012,0.78536
1606.0,6.227,2.53e-07,6.53e-05,1.71e-06,0.00044,0.0,0.0,1.96e-06,0.000505,0.012,0.78668
1608.0,6.219,2.5e-07,6.46e-05,1.7e-06,0.000439,0.0,0.0,1.95e-06,0.000504,0.012,0.78785
1610.0,6.211,2.47e-07,6.39e-05,1.69e-06,0.000438,0.0,0.0,1.94e-06,0.000502,0.012,0.78916
1612.0,6.203,2.43e-07,6.31e-05,1.69e-06,0.000438,0.0,0.0,1.93e-06,0.000501,0.012,0.79121
1614.0,6.196,2.39e-07,6.22e-05,1.68e-06,0.000438,0.0,0.0,1.92e-06,0.0005,0.012,0.79325
1616.0,6.188,2.34e-07,6.12e-05,1.68e-06,0.000437,0.0,0.0,1.91e-06,0.000499,0.012,0.79568
1618.0,6.18,2.3e-07,6.02e-05,1.67e-06,0.000438,0.0,0.0,1.9e-06,0.000498,0.012,0.79847
1620.0,6.173,2.26e-07,5.92e-05,1.67e-06,0.000438,0.0,0.0,1.89e-06,0.000497,0.012,0.80119
1622.0,6.165,2.21e-07,5.81e-05,1.66e-06,0.000438,0.0,0.0,1.89e-06,0.000496,0.012,0.8045
1624.0,6.158,2.16e-07,5.71e-05,1.66e-06,0.000438,0.0,0.0,1.88e-06,0.000495,0.012,0.80776
1626.0,6.15,2.11e-07,5.59e-05,1.66e-06,0.000439,0.0,0.0,1.87e-06,0.000494,0.012,0.81136
1628.0,6.143,2.06e-07,5.47e-05,1.66e-06,0.000439,0.0,0.0,1.86e-06,0.000494,0.012,0.8153
1630.0,6.135,2.01e-07,5.35e-05,1.65e-06,0.00044,0.0,0.0,1.86e-06,0.000493,0.012,0.81909
1632.0,6.127,1.95e-07,5.2e-05,1.65e-06,0.00044,0.0,0.0,1.85e-06,0.000492,0.012,0.82316
1634.0,6.12,1.89e-07,5.05e-05,1.65e-06,0.000441,0.0,0.0,1.84e-06,0.000491,0.0121,0.82725
1636.0,6.112,1.83e-07,4.9e-05,1.65e-06,0.000442,0.0,0.0,1.83e-06,0.000491,0.0121,0.83127
1638.0,6.105,1.77e-07,4.74e-05,1.65e-06,0.000442,0.0,0.0,1.83e-06,0.00049,0.0121,0.8358
1640.0,6.098,1.71e-07,4.59e-05,1.65e-06,0.000443,0.0,0.0,1.82e-06,0.000489,0.0121,0.84029
1642.0,6.09,1.65e-07,4.46e-05,1.65e-06,0.000444,0.0,0.0,1.81e-06,0.000489,0.0121,0.84488
1644.0,6.083,1.6e-07,4.33e-05,1.65e-06,0.000445,0.0,0.0,1.81e-06,0.000488,0.0121,0.84945
1646.0,6.075,1.55e-07,4.2e-05,1.64e-06,0.000446,0.0,0.0,1.8e-06,0.000488,0.0121,0.85383
1648.0,6.068,1.5e-07,4.07e-05,1.64e-06,0.000446,0.0,0.0,1.79e-06,0.000487,0.0121,0.85848
1650.0,6.061,1.45e-07,3.95e-05,1.64e-06,0.000447,0.0,0.0,1.79e-06,0.000487,0.0121,0.863
1652.0,6.053,1.4e-07,3.83e-05,1.64e-06,0.000448,0.0,0.0,1.78e-06,0.000486,0.0121,0.8673
1654.0,6.046,1.36e-07,3.72e-05,1.64e-06,0.000448,0.0,0.0,1.78e-06,0.000486,0.0121,0.87155
1656.0,6.039,1.31e-07,3.6e-05,1.64e-06,0.000449,0.0,0.0,1.77e-06,0.000485,0.0121,0.8759
1658.0,6.031,1.26e-07,3.46e-05,1.64e-06,0.00045,0.0,0.0,1.76e-06,0.000484,0.0121,0.88061
1660.0,6.024,1.2e-07,3.32e-05,1.64e-06,0.000451,0.0,0.0,1.76e-06,0.000484,0.0121,0.88538
1662.0,6.017,1.15e-07,3.18e-05,1.63e-06,0.000451,0.0,0.0,1.75e-06,0.000483,0.0121,0.89002
1664.0,6.01,1.1e-07,3.05e-05,1.63e-06,0.000452,0.0,0.0,1.74e-06,0.000483,0.0121,0.89465
1666.0,6.002,1.05e-07,2.91e-05,1.63e-06,0.000453,0.0,0.0,1.74e-06,0.000482,0.0121,0.89929
1668.0,5.995,9.97e-08,2.77e-05,1.63e-06,0.000454,0.0,0.0,1.73e-06,0.000481,0.0121,0.90409
1670.0,5.988,9.46e-08,2.64e-05,1.63e-06,0.000454,0.0,0.0,1.72e-06,0.000481,0.0121,0.90883
1672.0,5.981,9e-08,2.52e-05,1.63e-06,0.000455,0.0,0.0,1.72e-06,0.00048,0.0121,0.91311
1674.0,5.974,8.57e-08,2.4e-05,1.62e-06,0.000455,0.0,0.0,1.71e-06,0.000479,0.0121,0.91723
1676.0,5.967,8.15e-08,2.29e-05,1.62e-06,0.000456,0.0,0.0,1.7e-06,0.000479,0.0121,0.92124
1678.0,5.959,7.74e-08,2.18e-05,1.62e-06,0.000456,0.0,0.0,1.7e-06,0.000478,0.0121,0.92524
1680.0,5.952,7.32e-08,2.07e-05,1.62e-06,0.000456,0.0,0.0,1.69e-06,0.000477,0.0121,0.92931
1682.0,5.945,6.91e-08,1.95e-05,1.61e-06,0.000457,0.0,0.0,1.68e-06,0.000476,0.0121,0.93341
1684.0,5.938,6.5e-08,1.84e-05,1.61e-06,0.000457,0.0,0.0,1.68e-06,0.000475,0.0121,0.93738
1686.0,5.931,6.19e-08,1.76e-05,1.61e-06,0.000457,0.0,0.0,1.67e-06,0.000474,0.0121,0.94021
1688.0,5.924,5.95e-08,1.69e-05,1.6e-06,0.000456,0.0,0.0,1.66e-06,0.000473,0.0121,0.94194
1690.0,5.917,5.72e-08,1.63e-05,1.59e-06,0.000455,0.0,0.0,1.65e-06,0.000471,0.0122,0.94352
1692.0,5.91,5.5e-08,1.58e-05,1.59e-06,0.000454,0.0,0.0,1.64e-06,0.00047,0.0122,0.94509
1694.0,5.903,5.29e-08,1.52e-05,1.58e-06,0.000453,0.0,0.0,1.63e-06,0.000468,0.0122,0.94664
1696.0,5.896,5.09e-08,1.46e-05,1.57e-06,0.000452,0.0,0.0,1.62e-06,0.000467,0.0122,0.94799
1698.0,5.889,4.92e-08,1.42e-05,1.56e-06,0.000451,0.0,0.0,1.61e-06,0.000465,0.0122,0.94919
1700.0,5.882,4.76e-08,1.38e-05,1.56e-06,0.00045,0.0,0.0,1.6e-06,0.000463,0.0122,0.95033
1702.0,5.875,4.63e-08,1.34e-05,1.55e-06,0.000449,0.0,0.0,1.59e-06,0.000462,0.0122,0.95137
1704.0,5.869,4.51e-08,1.31e-05,1.54e-06,0.000447,0.0,0.0,1.59e-06,0.00046,0.0122,0.95239
1706.0,5.862,4.39e-08,1.28e-05,1.53e-06,0.000446,0.0,0.0,1.58e-06,0.000459,0.0122,0.95343
1708.0,5.855,4.27e-08,1.25e-05,1.53e-06,0.000445,0.0,0.0,1.57e-06,0.000457,0.0122,0.95453
1710.0,5.848,4.15e-08,1.21e-05,1.52e-06,0.000444,0.0,0.0,1.56e-06,0.000456,0.0122,0.9556
1712.0,5.841,4.04e-08,1.18e-05,1.51e-06,0.000443,0.0,0.0,1.55e-06,0.000454,0.0122,0.95656
1714.0,5.834,3.93e-08,1.16e-05,1.5e-06,0.000441,0.0,0.0,1.54e-06,0.000453,0.0122,0.95759
1716.0,5.828,3.76e-08,1.11e-05,1.5e-06,0.000441,0.0,0.0,1.53e-06,0.000452,0.0122,0.95936
1718.0,5.821,3.53e-08,1.04e-05,1.49e-06,0.00044,0.0,0.0,1.53e-06,0.00045,0.0122,0.96187
1720.0,5.814,3.29e-08,9.73e-06,1.49e-06,0.00044,0.0,0.0,1.52e-06,0.000449,0.0122,0.96446
1722.0,5.807,3.06e-08,9.07e-06,1.48e-06,0.000439,0.0,0.0,1.51e-06,0.000448,0.0122,0.967
1724.0,5.8,2.82e-08,8.39e-06,1.48e-06,0.000439,0.0,0.0,1.5e-06,0.000447,0.0122,0.96965
1726.0,5.794,2.49e-08,7.42e-06,1.47e-06,0.000439,0.0,0.0,1.5e-06,0.000446,0.0122,0.97329
1728.0,5.787,2.07e-08,6.17e-06,1.47e-06,0.000439,0.0,0.0,1.49e-06,0.000445,0.0122,0.97792
1730.0,5.78,1.64e-08,4.92e-06,1.47e-06,0.000439,0.0,0.0,1.48e-06,0.000444,0.0122,0.9825
1732.0,5.774,1.25e-08,3.74e-06,1.47e-06,0.00044,0.0,0.0,1.48e-06,0.000443,0.0122,0.98665
1734.0,5.767,8.73e-09,2.63e-06,1.46e-06,0.00044,0.0,0.0,1.47e-06,0.000442,0.0122,0.99049
1736.0,5.76,6.13e-09,1.85e-06,1.46e-06,0.000439,0.0,0.0,1.46e-06,0.000441,0.0122,0.99321
1738.0,5.754,4.64e-09,1.4e-06,1.45e-06,0.000438,0.0,0.0,1.46e-06,0.00044,0.0122,0.99482
1740.0,5.747,3.45e-09,1.04e-06,1.44e-06,0.000437,0.0,0.0,1.45e-06,0.000438,0.0122,0.99612
1742.0,5.741,2.63e-09,7.98e-07,1.44e-06,0.000436,0.0,0.0,1.44e-06,0.000437,0.0122,0.99702
1744.0,5.734,1.98e-09,6.03e-07,1.43e-06,0.000434,0.0,0.0,1.43e-06,0.000435,0.0122,0.99774
1746.0,5.727,1.49e-09,4.53e-07,1.42e-06,0.000433,0.0,0.0,1.42e-06,0.000433,0.0122,0.9983
1748.0,5.721,1.14e-09,3.47e-07,1.41e-06,0.000431,0.0,0.0,1.41e-06,0.000432,0.0122,0.99869
1750.0,5.714,8.45e-10,2.59e-07,1.4e-06,0.00043,0.0,0.0,1.4e-06,0.00043,0.0122,0.99902
1752.0,5.708,6.46e-10,1.98e-07,1.4e-06,0.000428,0.0,0.0,1.4e-06,0.000428,0.0122,0.99924
1754.0,5.701,4.86e-10,1.49e-07,1.39e-06,0.000427,0.0,0.0,1.39e-06,0.000427,0.0122,0.99943
1756.0,5.695,3.27e-10,1.01e-07,1.38e-06,0.000425,0.0,0.0,1.38e-06,0.000425,0.0123,0.99961
1758.0,5.688,1.7e-10,5.24e-08,1.37e-06,0.000424,0.0,0.0,1.37e-06,0.000424,0.0123,0.99979
1760.0,5.682,4.86e-11,1.5e-08,1.36e-06,0.000422,0.0,0.0,1.36e-06,0.000422,0.0123,0.99994
1762.0,5.675,1.42e-11,4.42e-09,1.35e-06,0.00042,0.0,0.0,1.35e-06,0.00042,0.0123,0.99998
1764.0,5.669,1.44e-11,4.48e-09,1.35e-06,0.000419,0.0,0.0,1.35e-06,0.000419,0.0123,0.99998
1766.0,5.663,1.45e-11,4.52e-09,1.34e-06,0.000417,0.0,0.0,1.34e-06,0.000417,0.0123,0.99998
1768.0,5.656,1.46e-11,4.57e-09,1.33e-06,0.000415,0.0,0.0,1.33e-06,0.000415,0.0123,0.99998
1770.0,5.65,1.47e-11,4.62e-09,1.32e-06,0.000414,0.0,0.0,1.32e-06,0.000414,0.0123,0.99998
1772.0,5.643,1.49e-11,4.68e-09,1.31e-06,0.000412,0.0,0.0,1.31e-06,0.000412,0.0123,0.99998
1774.0,5.637,1.5e-11,4.73e-09,1.3e-06,0.00041,0.0,0.0,1.3e-06,0.00041,0.0123,0.99998
1776.0,5.631,1.52e-11,4.79e-09,1.3e-06,0.000409,0.0,0.0,1.3e-06,0.000409,0.0123,0.99998
1778.0,5.624,1.53e-11,4.85e-09,1.29e-06,0.000407,0.0,0.0,1.29e-06,0.000407,0.0123,0.99998
1780.0,5.618,1.55e-11,4.9e-09,1.28e-06,0.000406,0.0,0.0,1.28e-06,0.000406,0.0123,0.99998
1782.0,5.612,1.56e-11,4.95e-09,1.27e-06,0.000404,0.0,0.0,1.27e-06,0.000404,0.0123,0.99998
1784.0,5.605,1.58e-11,5.01e-09,1.26e-06,0.000402,0.0,0.0,1.26e-06,0.000402,0.0123,0.99997
1786.0,5.599,1.59e-11,5.07e-09,1.26e-06,0.000401,0.0,0.0,1.26e-06,0.000401,0.0123,0.99997
1788.0,5.593,1.61e-11,5.14e-09,1.25e-06,0.000399,0.0,0.0,1.25e-06,0.000399,0.0123,0.99997
1790.0,5.587,1.62e-11,5.2e-09,1.24e-06,0.000398,0.0,0.0,1.24e-06,0.000398,0.0123,0.99997
1792.0,5.58,1.64e-11,5.27e-09,1.23e-06,0.000396,0.0,0.0,1.23e-06,0.000396,0.0123,0.99997
1794.0,5.574,1.66e-11,5.33e-09,1.23e-06,0.000394,0.0,0.0,1.23e-06,0.000394,0.0123,0.99997
1796.0,5.568,1.67e-11,5.4e-09,1.22e-06,0.000393,0.0,0.0,1.22e-06,0.000393,0.0123,0.99997
1798.0,5.562,1.69e-11,5.47e-09,1.21e-06,0.000391,0.0,0.0,1.21e-06,0.000391,0.0123,0.99997
1800.0,5.556,1.71e-11,5.54e-09,1.2e-06,0.00039,0.0,0.0,1.2e-06,0.00039,0.0123,0.99997
1802.0,5.549,1.73e-11,5.63e-09,1.2e-06,0.000388,0.0,0.0,1.2e-06,0.000388,0.0123,0.99997
1804.0,5.543,1.77e-11,5.75e-09,1.19e-06,0.000386,0.0,0.0,1.19e-06,0.000386,0.0123,0.99997
1806.0,5.537,2.55e-11,8.31e-09,1.18e-06,0.000385,0.0,0.0,1.18e-06,0.000385,0.0123,0.99996
1808.0,5.531,4.23e-11,1.38e-08,1.17e-06,0.000383,0.0,0.0,1.17e-06,0.000383,0.0123,0.99994
1810.0,5.525,6.74e-11,2.21e-08,1.17e-06,0.000382,0.0,0.0,1.17e-06,0.000382,0.0123,0.9999
1812.0,5.519,9.23e-11,3.03e-08,1.16e-06,0.00038,0.0,0.0,1.16e-06,0.00038,0.0123,0.99987
1814.0,5.513,1.05e-10,3.47e-08,1.15e-06,0.000379,0.0,0.0,1.15e-06,0.000379,0.0123,0.99985
1816.0,5.507,1.36e-10,4.5e-08,1.14e-06,0.000377,0.0,0.0,1.14e-06,0.000377,0.0123,0.99981
1818.0,5.501,1.49e-10,4.94e-08,1.14e-06,0.000376,0.0,0.0,1.14e-06,0.000376,0.0123,0.99979
1820.0,5.495,1.73e-10,5.73e-08,1.13e-06,0.000374,0.0,0.0,1.13e-06,0.000374,0.0123,0.99975
1822.0,5.488,2.06e-10,6.85e-08,1.12e-06,0.000372,0.0,0.0,1.12e-06,0.000372,0.0123,0.9997
1824.0,5.482,2.07e-10,6.88e-08,1.11e-06,0.000371,0.0,0.0,1.11e-06,0.000371,0.0123,0.99969
1826.0,5.476,2.3e-10,7.65e-08,1.11e-06,0.000369,0.0,0.0,1.11e-06,0.000369,0.0123,0.99965
1828.0,5.47,2.41e-10,8.04e-08,1.1e-06,0.000368,0.0,0.0,1.1e-06,0.000368,0.0123,0.99963
1830.0,5.464,2.47e-10,8.28e-08,1.09e-06,0.000366,0.0,0.0,1.09e-06,0.000366,0.0123,0.99962
1832.0,5.459,2.37e-10,7.96e-08,1.09e-06,0.000365,0.0,0.0,1.09e-06,0.000365,0.0123,0.99964
1834.0,5.453,2.6e-10,8.76e-08,1.08e-06,0.000363,0.0,0.0,1.08e-06,0.000363,0.0123,0.9996
1836.0,5.447,2.79e-10,9.41e-08,1.07e-06,0.000362,0.0,0.0,1.07e-06,0.000362,0.0123,0.99957
1838.0,5.441,3.24e-10,1.09e-07,1.07e-06,0.00036,0.0,0.0,1.07e-06,0.00036,0.0123,0.9995
1840.0,5.435,3.93e-10,1.33e-07,1.06e-06,0.000359,0.0,0.0,1.06e-06,0.000359,0.0124,0.99939
1842.0,5.429,4.78e-10,1.62e-07,1.05e-06,0.000357,0.0,0.0,1.05e-06,0.000357,0.0124,0.99924
1844.0,5.423,6.37e-10,2.16e-07,1.05e-06,0.000356,0.0,0.0,1.05e-06,0.000356,0.0124,0.99896
1846.0,5.417,8.74e-10,2.98e-07,1.04e-06,0.000354,0.0,0.0,1.04e-06,0.000354,0.0124,0.99855
1848.0,5.411,1.15e-09,3.91e-07,1.03e-06,0.000352,0.0,0.0,1.03e-06,0.000353,0.0124,0.99807
1850.0,5.405,1.47e-09,5.02e-07,1.02e-06,0.000351,0.0,0.0,1.03e-06,0.000351,0.0124,0.99747
1852.0,5.4,1.82e-09,6.25e-07,1.02e-06,0.000349,0.0,0.0,1.02e-06,0.00035,0.0124,0.99679
1854.0,5.394,2.2e-09,7.56e-07,1.01e-06,0.000347,0.0,0.0,1.01e-06,0.000348,0.0124,0.99605
1856.0,5.388,2.54e-09,8.74e-07,1e-06,0.000345,0.0,0.0,1.01e-06,0.000346,0.0124,0.99533
1858.0,5.382,2.83e-09,9.75e-07,9.96e-07,0.000344,0.0,0.0,9.99e-07,0.000345,0.0124,0.99469
1860.0,5.376,3.07e-09,1.06e-06,9.89e-07,0.000342,0.0,0.0,9.92e-07,0.000343,0.0124,0.99411
1862.0,5.371,3.2e-09,1.11e-06,9.82e-07,0.000341,0.0,0.0,9.85e-07,0.000342,0.0124,0.99372
1864.0,5.365,3.28e-09,1.14e-06,9.76e-07,0.000339,0.0,0.0,9.79e-07,0.00034,0.0124,0.99342
1866.0,5.359,3.24e-09,1.13e-06,9.69e-07,0.000338,0.0,0.0,9.73e-07,0.000339,0.0124,0.99337
1868.0,5.353,3.07e-09,1.07e-06,9.63e-07,0.000336,0.0,0.0,9.67e-07,0.000337,0.0124,0.99361
1870.0,5.348,2.95e-09,1.03e-06,9.57e-07,0.000335,0.0,0.0,9.6e-07,0.000336,0.0124,0.99376
1872.0,5.342,2.84e-09,9.96e-07,9.52e-07,0.000333,0.0,0.0,9.54e-07,0.000334,0.0124,0.99389
1874.0,5.336,2.78e-09,9.76e-07,9.45e-07,0.000332,0.0,0.0,9.48e-07,0.000333,0.0124,0.99395
1876.0,5.33,2.97e-09,1.05e-06,9.39e-07,0.00033,0.0,0.0,9.42e-07,0.000332,0.0124,0.99344
1878.0,5.325,3.24e-09,1.14e-06,9.32e-07,0.000329,0.0,0.0,9.36e-07,0.00033,0.0124,0.99286
1880.0,5.319,4.92e-09,1.74e-06,9.23e-07,0.000326,0.0,0.0,9.28e-07,0.000328,0.0124,0.98925
1882.0,5.313,5.44e-09,1.93e-06,9.16e-07,0.000325,0.0,0.0,9.22e-07,0.000326,0.0124,0.98821
1884.0,5.308,5.68e-09,2.02e-06,9.1e-07,0.000323,0.0,0.0,9.16e-07,0.000325,0.0124,0.98791
1886.0,5.302,7.86e-09,2.79e-06,9e-07,0.00032,0.0,0.0,9.08e-07,0.000323,0.0124,0.98364
1888.0,5.297,9.86e-09,3.52e-06,8.91e-07,0.000318,0.0,0.0,9.01e-07,0.000321,0.0124,0.97944
1890.0,5.291,1.28e-08,4.58e-06,8.79e-07,0.000314,0.0,0.0,8.92e-07,0.000319,0.0124,0.97309
1892.0,5.285,1.65e-08,5.9e-06,8.66e-07,0.00031,0.0,0.0,8.83e-07,0.000316,0.0124,0.96478
1894.0,5.28,2.17e-08,7.78e-06,8.5e-07,0.000305,0.0,0.0,8.71e-07,0.000313,0.0124,0.95223
1896.0,5.274,2.97e-08,1.07e-05,8.26e-07,0.000297,0.0,0.0,8.56e-07,0.000308,0.0124,0.9316
1898.0,5.269,3.66e-08,1.32e-05,8.04e-07,0.000289,0.0,0.0,8.4e-07,0.000303,0.0124,0.91232
1900.0,5.263,4.19e-08,1.51e-05,7.84e-07,0.000283,0.0,0.0,8.25e-07,0.000298,0.0124,0.89536
1902.0,5.258,5.01e-08,1.81e-05,7.55e-07,0.000273,0.0,0.0,8.05e-07,0.000291,0.0124,0.86861
1904.0,5.252,5.37e-08,1.95e-05,7.38e-07,0.000268,0.0,0.0,7.92e-07,0.000287,0.0124,0.85436
1906.0,5.247,5.68e-08,2.06e-05,7.21e-07,0.000262,0.0,0.0,7.78e-07,0.000283,0.0124,0.8405
1908.0,5.241,5.95e-08,2.16e-05,7.05e-07,0.000256,0.0,0.0,7.64e-07,0.000278,0.0124,0.8262
1910.0,5.236,6.05e-08,2.21e-05,6.92e-07,0.000253,0.0,0.0,7.53e-07,0.000275,0.0124,0.81693
1912.0,5.23,6.06e-08,2.21e-05,6.83e-07,0.00025,0.0,0.0,7.44e-07,0.000272,0.0124,0.81151
1914.0,5.225,5.91e-08,2.17e-05,6.78e-07,0.000248,0.0,0.0,7.37e-07,0.00027,0.0124,0.811
1916.0,5.219,6.24e-08,2.29e-05,6.62e-07,0.000243,0.0,0.0,7.24e-07,0.000266,0.0124,0.79632
1918.0,5.214,7.51e-08,2.76e-05,6.26e-07,0.00023,0.0,0.0,7.01e-07,0.000258,0.0124,0.75778
1920.0,5.208,6.39e-08,2.35e-05,6.47e-07,0.000238,0.0,0.0,7.11e-07,0.000262,0.0124,0.7887
1922.0,5.203,4.68e-08,1.73e-05,6.83e-07,0.000252,0.0,0.0,7.3e-07,0.00027,0.0124,0.83819
1924.0,5.198,3.77e-08,1.4e-05,7.02e-07,0.00026,0.0,0.0,7.4e-07,0.000274,0.0124,0.86699
1926.0,5.192,2.93e-08,1.09e-05,7.2e-07,0.000267,0.0,0.0,7.5e-07,0.000278,0.0124,0.89534
1928.0,5.187,1.94e-08,7.22e-06,7.44e-07,0.000277,0.0,0.0,7.63e-07,0.000284,0.0124,0.93076
1930.0,5.181,1.81e-08,6.76e-06,7.46e-07,0.000278,0.0,0.0,7.64e-07,0.000284,0.0124,0.93875
1932.0,5.176,6.94e-08,2.59e-05,5.45e-07,0.000203,0.0,0.0,6.14e-07,0.000229,0.0124,0.68957
1934.0,5.171,9.28e-08,3.47e-05,4.8e-07,0.00018,0.0,0.0,5.73e-07,0.000214,0.0124,0.61346
1936.0,5.165,3.77e-08,1.41e-05,6.85e-07,0.000257,0.0,0.0,7.23e-07,0.000271,0.0124,0.8804
1938.0,5.16,9.76e-09,3.67e-06,7.5e-07,0.000282,0.0,0.0,7.59e-07,0.000285,0.0124,0.96876
1940.0,5.155,5.52e-09,2.08e-06,7.54e-07,0.000284,0.0,0.0,7.59e-07,0.000286,0.0124,0.98041
1942.0,5.149,3.25e-09,1.22e-06,7.55e-07,0.000285,0.0,0.0,7.58e-07,0.000286,0.0124,0.98887
1944.0,5.144,1.56e-09,5.89e-07,7.55e-07,0.000285,0.0,0.0,7.57e-07,0.000286,0.0124,0.99534
1946.0,5.139,1.09e-09,4.14e-07,7.52e-07,0.000285,0.0,0.0,7.53e-07,0.000285,0.0124,0.99701
1948.0,5.133,1.54e-09,5.83e-07,7.45e-07,0.000283,0.0,0.0,7.47e-07,0.000283,0.0124,0.99533
1950.0,5.128,3.37e-09,1.28e-06,7.36e-07,0.00028,0.0,0.0,7.39e-07,0.000281,0.0124,0.98894
1952.0,5.123,5.61e-09,2.14e-06,7.25e-07,0.000276,0.0,0.0,7.31e-07,0.000279,0.0124,0.98118
1954.0,5.118,5.97e-09,2.28e-06,7.2e-07,0.000275,0.0,0.0,7.26e-07,0.000277,0.0124,0.97978
1956.0,5.112,8.06e-09,3.08e-06,7.1e-07,0.000271,0.0,0.0,7.18e-07,0.000275,0.0125,0.97248
1958.0,5.107,9.05e-09,3.47e-06,7.03e-07,0.000269,0.0,0.0,7.12e-07,0.000273,0.0125,0.96965
1960.0,5.102,9.33e-09,3.58e-06,6.98e-07,0.000268,0.0,0.0,7.07e-07,0.000272,0.0125,0.9691
1962.0,5.097,7.92e-09,3.05e-06,6.97e-07,0.000268,0.0,0.0,7.05e-07,0.000271,0.0125,0.97447
1964.0,5.092,8.81e-09,3.4e-06,6.91e-07,0.000266,0.0,0.0,7e-07,0.00027,0.0125,0.972
1966.0,5.086,6.98e-09,2.7e-06,6.91e-07,0.000267,0.0,0.0,6.98e-07,0.00027,0.0125,0.97839
1968.0,5.081,5.76e-09,2.23e-06,6.89e-07,0.000267,0.0,0.0,6.95e-07,0.000269,0.0125,0.98263
1970.0,5.076,5.77e-09,2.24e-06,6.85e-07,0.000266,0.0,0.0,6.91e-07,0.000268,0.0125,0.98284
1972.0,5.071,4.7e-09,1.83e-06,6.83e-07,0.000266,0.0,0.0,6.88e-07,0.000267,0.0125,0.98637
1974.0,5.066,3.28e-09,1.28e-06,6.81e-07,0.000266,0.0,0.0,6.85e-07,0.000267,0.0125,0.99066
1976.0,5.061,2.38e-09,9.31e-07,6.79e-07,0.000265,0.0,0.0,6.81e-07,0.000266,0.0125,0.99338
1978.0,5.056,2.2e-09,8.62e-07,6.75e-07,0.000264,0.0,0.0,6.77e-07,0.000265,0.0125,0.99387
1980.0,5.051,1.61e-09,6.32e-07,6.71e-07,0.000263,0.0,0.0,6.73e-07,0.000264,0.0125,0.99552
1982.0,5.045,1.37e-09,5.39e-07,6.67e-07,0.000262,0.0,0.0,6.69e-07,0.000263,0.0125,0.99618
1984.0,5.04,1.11e-09,4.37e-07,6.64e-07,0.000261,0.0,0.0,6.65e-07,0.000262,0.0125,0.99683
1986.0,5.035,8.72e-10,3.44e-07,6.6e-07,0.00026,0.0,0.0,6.6e-07,0.000261,0.0125,0.99748
1988.0,5.03,8.09e-10,3.2e-07,6.55e-07,0.000259,0.0,0.0,6.56e-07,0.000259,0.0125,0.99762
1990.0,5.025,7.99e-10,3.16e-07,6.51e-07,0.000258,0.0,0.0,6.52e-07,0.000258,0.0125,0.99759
1992.0,5.02,7.48e-10,2.97e-07,6.47e-07,0.000257,0.0,0.0,6.48e-07,0.000257,0.0125,0.99772
1994.0,5.015,8.38e-10,3.33e-07,6.42e-07,0.000255,0.0,0.0,6.43e-07,0.000256,0.0125,0.99743
1996.0,5.01,1.1e-09,4.37e-07,6.38e-07,0.000254,0.0,0.0,6.39e-07,0.000254,0.0125,0.99657
1998.0,5.005,1.27e-09,5.06e-07,6.33e-07,0.000253,0.0,0.0,6.34e-07,0.000253,0.0125,0.99596
2000.0,5.0,1.64e-09,6.58e-07,6.28e-07,0.000251,0.0,0.0,6.3e-07,0.000252,0.0125,0.99462
2002.0,4.995,2.63e-09,1.06e-06,6.22e-07,0.000249,0.0,0.0,6.24e-07,0.00025,0.0125,0.99109
2004.0,4.99,3e-09,1.2e-06,6.17e-07,0.000248,0.0,0.0,6.2e-07,0.000249,0.0125,0.98961
2006.0,4.985,3.5e-09,1.41e-06,6.11e-07,0.000246,0.0,0.0,6.15e-07,0.000247,0.0125,0.9873
2008.0,4.98,4.25e-09,1.71e-06,6.05e-07,0.000244,0.0,0.0,6.09e-07,0.000246,0.0125,0.98394
2010.0,4.975,5.15e-09,2.08e-06,5.98e-07,0.000242,0.0,0.0,6.04e-07,0.000244,0.0125,0.97986
2012.0,4.97,5.14e-09,2.08e-06,5.94e-07,0.00024,0.0,0.0,5.99e-07,0.000243,0.0125,0.9794
2014.0,4.965,6.66e-09,2.7e-06,5.86e-07,0.000238,0.0,0.0,5.92e-07,0.00024,0.0125,0.97222
2016.0,4.96,7.51e-09,3.05e-06,5.79e-07,0.000235,0.0,0.0,5.87e-07,0.000238,0.0125,0.96792
2018.0,4.955,8.22e-09,3.35e-06,5.73e-07,0.000233,0.0,0.0,5.81e-07,0.000237,0.0125,0.96411
2020.0,4.95,8.88e-09,3.62e-06,5.67e-07,0.000231,0.0,0.0,5.76e-07,0.000235,0.0125,0.96066
2022.0,4.946,8.4e-09,3.43e-06,5.65e-07,0.000231,0.0,0.0,5.73e-07,0.000234,0.0125,0.96334
2024.0,4.941,9.28e-09,3.8e-06,5.6e-07,0.000229,0.0,0.0,5.69e-07,0.000233,0.0125,0.96042
2026.0,4.936,1.12e-08,4.58e-06,5.51e-07,0.000226,0.0,0.0,5.62e-07,0.000231,0.0125,0.95243
2028.0,4.931,1.26e-08,5.2e-06,5.45e-07,0.000224,0.0,0.0,5.58e-07,0.000229,0.0125,0.94829
2030.0,4.926,1.53e-08,6.3e-06,5.37e-07,0.000221,0.0,0.0,5.53e-07,0.000228,0.0125,0.94092
2032.0,4.921,1.89e-08,7.81e-06,5.27e-07,0.000218,0.0,0.0,5.46e-07,0.000226,0.0125,0.92987
2034.0,4.916,2.49e-08,1.03e-05,5.12e-07,0.000212,0.0,0.0,5.37e-07,0.000222,0.0125,0.90876
2036.0,4.912,4.24e-08,1.76e-05,4.55e-07,0.000189,0.0,0.0,4.97e-07,0.000206,0.0125,0.81256
2038.0,4.907,5.69e-08,2.36e-05,4.13e-07,0.000172,0.0,0.0,4.7e-07,0.000195,0.0125,0.74395
2040.0,4.902,5.3e-08,2.21e-05,4.29e-07,0.000178,0.0,0.0,4.82e-07,0.000201,0.0125,0.77688
2042.0,4.897,5.71e-08,2.38e-05,4.1e-07,0.000171,0.0,0.0,4.68e-07,0.000195,0.0125,0.74847
2044.0,4.892,6.34e-08,2.65e-05,3.86e-07,0.000161,0.0,0.0,4.49e-07,0.000188,0.0125,0.70808
2046.0,4.888,6.11e-08,2.56e-05,3.86e-07,0.000162,0.0,0.0,4.47e-07,0.000187,0.0125,0.71352
2048.0,4.883,7.41e-08,3.11e-05,3.34e-07,0.00014,0.0,0.0,4.08e-07,0.000171,0.0125,0.6212
2050.0,4.878,8.69e-08,3.65e-05,2.84e-07,0.000119,0.0,0.0,3.71e-07,0.000156,0.0125,0.53216
2052.0,4.873,9.27e-08,3.9e-05,2.58e-07,0.000109,0.0,0.0,3.51e-07,0.000148,0.0125,0.48674
2054.0,4.869,9.53e-08,4.02e-05,2.48e-07,0.000105,0.0,0.0,3.43e-07,0.000145,0.0125,0.47116
2056.0,4.864,9.3e-08,3.93e-05,2.49e-07,0.000105,0.0,0.0,3.42e-07,0.000145,0.0125,0.47702
2058.0,4.859,9.09e-08,3.85e-05,2.47e-07,0.000105,0.0,0.0,3.38e-07,0.000143,0.0125,0.47513
2060.0,4.854,9.16e-08,3.89e-05,2.35e-07,9.98e-05,0.0,0.0,3.27e-07,0.000139,0.0125,0.45603
2062.0,4.85,9.13e-08,3.88e-05,2.23e-07,9.47e-05,0.0,0.0,3.14e-07,0.000134,0.0125,0.43474
2064.0,4.845,9.01e-08,3.84e-05,2.16e-07,9.22e-05,0.0,0.0,3.06e-07,0.000131,0.0125,0.4251
2066.0,4.84,8.27e-08,3.53e-05,2.51e-07,0.000107,0.0,0.0,3.34e-07,0.000142,0.0125,0.49671
2068.0,4.836,7.97e-08,3.41e-05,2.53e-07,0.000108,0.0,0.0,3.32e-07,0.000142,0.0125,0.50326
2070.0,4.831,7.93e-08,3.4e-05,2.6e-07,0.000111,0.0,0.0,3.39e-07,0.000145,0.0125,0.52072
2072.0,4.826,7.26e-08,3.12e-05,2.84e-07,0.000122,0.0,0.0,3.56e-07,0.000153,0.0125,0.57306
2074.0,4.822,7.37e-08,3.17e-05,2.95e-07,0.000127,0.0,0.0,3.69e-07,0.000159,0.0125,0.59925
2076.0,4.817,7.54e-08,3.25e-05,1.68e-07,7.24e-05,0.0,0.0,2.43e-07,0.000105,0.0125,0.34276
2078.0,4.812,7.24e-08,3.13e-05,7.23e-08,3.12e-05,0.0,0.0,1.45e-07,6.25e-05,0.0125,0.14931
2080.0,4.808,8.54e-08,3.69e-05,1.97e-07,8.51e-05,0.0,0.0,2.82e-07,0.000122,0.0125,0.40888
2082.0,4.803,6.64e-08,2.88e-05,2.91e-07,0.000126,0.0,0.0,3.58e-07,0.000155,0.0125,0.60907
2084.0,4.798,5.31e-08,2.31e-05,3.24e-07,0.000141,0.0,0.0,3.77e-07,0.000164,0.0125,0.68179
2086.0,4.794,4.37e-08,1.9e-05,3.52e-07,0.000153,0.0,0.0,3.95e-07,0.000172,0.0125,0.74505
2088.0,4.789,3.59e-08,1.56e-05,3.73e-07,0.000163,0.0,0.0,4.09e-07,0.000178,0.0125,0.79581
2090.0,4.785,3.04e-08,1.33e-05,3.85e-07,0.000168,0.0,0.0,4.16e-07,0.000182,0.0125,0.82748
2092.0,4.78,5.4e-08,2.36e-05,3.17e-07,0.000139,0.0,0.0,3.71e-07,0.000162,0.0125,0.68448
2094.0,4.776,8.05e-08,3.53e-05,2.48e-07,0.000109,0.0,0.0,3.29e-07,0.000144,0.0125,0.54091
2096.0,4.771,3.77e-08,1.66e-05,3.71e-07,0.000163,0.0,0.0,4.09e-07,0.00018,0.0125,0.81333
2098.0,4.766,1.93e-08,8.47e-06,4.14e-07,0.000182,0.0,0.0,4.33e-07,0.000191,0.0125,0.91374
2100.0,4.762,2.17e-08,9.56e-06,4.05e-07,0.000179,0.0,0.0,4.27e-07,0.000188,0.0125,0.89973
2102.0,4.757,2.33e-08,1.03e-05,3.98e-07,0.000176,0.0,0.0,4.21e-07,0.000186,0.0125,0.88895
2104.0,4.753,2.24e-08,9.9e-06,3.95e-07,0.000175,0.0,0.0,4.18e-07,0.000185,0.0125,0.89052
2106.0,4.748,3.01e-08,1.34e-05,3.77e-07,0.000167,0.0,0.0,4.07e-07,0.000181,0.0125,0.85522
2108.0,4.744,3.42e-08,1.52e-05,3.65e-07,0.000162,0.0,0.0,4e-07,0.000178,0.0125,0.83434
2110.0,4.739,2.79e-08,1.24e-05,3.74e-07,0.000167,0.0,0.0,4.02e-07,0.000179,0.0125,0.86039
2112.0,4.735,3.02e-08,1.35e-05,3.67e-07,0.000164,0.0,0.0,3.97e-07,0.000177,0.0125,0.84853
2114.0,4.73,2.99e-08,1.33e-05,3.65e-07,0.000163,0.0,0.0,3.95e-07,0.000177,0.0125,0.85075
2116.0,4.726,2.49e-08,1.12e-05,3.72e-07,0.000166,0.0,0.0,3.97e-07,0.000178,0.0125,0.87187
2118.0,4.721,2.05e-08,9.21e-06,3.79e-07,0.00017,0.0,0.0,3.99e-07,0.000179,0.0125,0.89494
2120.0,4.717,2.08e-08,9.37e-06,3.75e-07,0.000169,0.0,0.0,3.96e-07,0.000178,0.0125,0.89257
2122.0,4.713,1.71e-08,7.71e-06,3.81e-07,0.000171,0.0,0.0,3.98e-07,0.000179,0.0125,0.91136
2124.0,4.708,1.37e-08,6.2e-06,3.85e-07,0.000174,0.0,0.0,3.99e-07,0.00018,0.0125,0.92887
2126.0,4.704,1.13e-08,5.1e-06,3.88e-07,0.000176,0.0,0.0,4e-07,0.000181,0.0125,0.94328
2128.0,4.699,3.49e-08,1.58e-05,3.28e-07,0.000149,0.0,0.0,3.63e-07,0.000164,0.0125,0.80152
2130.0,4.695,4.8e-08,2.18e-05,2.89e-07,0.000131,0.0,0.0,3.37e-07,0.000153,0.0125,0.71084
2132.0,4.69,1.47e-08,6.7e-06,3.69e-07,0.000168,0.0,0.0,3.84e-07,0.000174,0.0125,0.91529
2134.0,4.686,6.52e-09,2.97e-06,3.88e-07,0.000177,0.0,0.0,3.94e-07,0.00018,0.0125,0.96748
2136.0,4.682,6.59e-09,3.01e-06,3.85e-07,0.000176,0.0,0.0,3.91e-07,0.000179,0.0125,0.96698
2138.0,4.677,7.04e-09,3.22e-06,3.81e-07,0.000174,0.0,0.0,3.88e-07,0.000177,0.0125,0.9644
2140.0,4.673,6.98e-09,3.2e-06,3.79e-07,0.000173,0.0,0.0,3.86e-07,0.000177,0.0125,0.96477
2142.0,4.669,7.03e-09,3.22e-06,3.76e-07,0.000173,0.0,0.0,3.83e-07,0.000176,0.0125,0.96461
2144.0,4.664,7.16e-09,3.29e-06,3.73e-07,0.000172,0.0,0.0,3.8e-07,0.000175,0.0125,0.96389
2146.0,4.66,7.32e-09,3.37e-06,3.7e-07,0.00017,0.0,0.0,3.77e-07,0.000174,0.0125,0.96286
2148.0,4.655,7.98e-09,3.68e-06,3.66e-07,0.000169,0.0,0.0,3.74e-07,0.000173,0.0125,0.95932
2150.0,4.651,8.24e-09,3.81e-06,3.63e-07,0.000168,0.0,0.0,3.71e-07,0.000172,0.0125,0.95742
2152.0,4.647,8.75e-09,4.05e-06,3.59e-07,0.000166,0.0,0.0,3.68e-07,0.00017,0.0125,0.9542
2154.0,4.643,9.39e-09,4.36e-06,3.55e-07,0.000165,0.0,0.0,3.65e-07,0.000169,0.0125,0.95033
2156.0,4.638,9.86e-09,4.59e-06,3.52e-07,0.000164,0.0,0.0,3.62e-07,0.000168,0.0125,0.94731
2158.0,4.634,1.04e-08,4.84e-06,3.48e-07,0.000162,0.0,0.0,3.59e-07,0.000167,0.0125,0.94396
2160.0,4.63,1.08e-08,5.03e-06,3.45e-07,0.000161,0.0,0.0,3.56e-07,0.000166,0.0125,0.94148
2162.0,4.625,1.15e-08,5.36e-06,3.41e-07,0.000159,0.0,0.0,3.52e-07,0.000165,0.0125,0.93726
2164.0,4.621,1.34e-08,6.29e-06,3.35e-07,0.000157,0.0,0.0,3.48e-07,0.000163,0.0125,0.92642
2166.0,4.617,1.47e-08,6.89e-06,3.3e-07,0.000155,0.0,0.0,3.44e-07,0.000162,0.0125,0.91903
2168.0,4.613,1.35e-08,6.33e-06,3.29e-07,0.000155,0.0,0.0,3.43e-07,0.000161,0.0125,0.92443
2170.0,4.608,1.35e-08,6.36e-06,3.27e-07,0.000154,0.0,0.0,3.4e-07,0.00016,0.0126,0.92337
2172.0,4.604,1.4e-08,6.59e-06,3.23e-07,0.000153,0.0,0.0,3.37e-07,0.000159,0.0126,0.92005
2174.0,4.6,1.44e-08,6.8e-06,3.2e-07,0.000151,0.0,0.0,3.34e-07,0.000158,0.0126,0.91711
2176.0,4.596,1.48e-08,7.02e-06,3.17e-07,0.00015,0.0,0.0,3.32e-07,0.000157,0.0126,0.91393
2178.0,4.591,1.53e-08,7.24e-06,3.13e-07,0.000149,0.0,0.0,3.29e-07,0.000156,0.0126,0.91076
2180.0,4.587,1.58e-08,7.49e-06,3.1e-07,0.000147,0.0,0.0,3.26e-07,0.000155,0.0126,0.90711
2182.0,4.583,1.64e-08,7.8e-06,3.06e-07,0.000146,0.0,0.0,3.23e-07,0.000154,0.0126,0.90283
2184.0,4.579,1.7e-08,8.11e-06,3.03e-07,0.000144,0.0,0.0,3.2e-07,0.000153,0.0126,0.89833
2186.0,4.575,1.77e-08,8.47e-06,2.99e-07,0.000143,0.0,0.0,3.17e-07,0.000151,0.0126,0.89337
2188.0,4.57,1.84e-08,8.82e-06,2.95e-07,0.000141,0.0,0.0,3.14e-07,0.00015,0.0126,0.88834
2190.0,4.566,1.92e-08,9.19e-06,2.92e-07,0.00014,0.0,0.0,3.11e-07,0.000149,0.0126,0.88308
2192.0,4.562,1.99e-08,9.59e-06,2.88e-07,0.000138,0.0,0.0,3.08e-07,0.000148,0.0126,0.87753
2194.0,4.558,2.08e-08,1e-05,2.84e-07,0.000137,0.0,0.0,3.05e-07,0.000147,0.0126,0.87131
2196.0,4.554,2.18e-08,1.05e-05,2.8e-07,0.000135,0.0,0.0,3.01e-07,0.000145,0.0126,0.86477
2198.0,4.55,2.28e-08,1.1e-05,2.75e-07,0.000133,0.0,0.0,2.98e-07,0.000144,0.0126,0.85782
2200.0,4.545,2.4e-08,1.16e-05,2.71e-07,0.000131,0.0,0.0,2.95e-07,0.000143,0.0126,0.84958
